temp_id,Year,State,Avg_Temperature,state_mergekey
54321,1953,Alabama,17.773,AL
54322,1954,Alabama,17.994,AL
54323,1955,Alabama,17.612,AL
54324,1956,Alabama,17.718,AL
54325,1957,Alabama,17.903,AL
54326,1958,Alabama,16.437,AL
54327,1959,Alabama,17.382,AL
54328,1960,Alabama,16.614,AL
54329,1961,Alabama,16.851,AL
54330,1962,Alabama,17.426,AL
54331,1963,Alabama,16.73,AL
54332,1964,Alabama,17.126,AL
54333,1965,Alabama,17.461,AL
54334,1966,Alabama,16.757,AL
54335,1967,Alabama,16.94,AL
54336,1968,Alabama,16.457,AL
54337,1969,Alabama,16.66,AL
54338,1970,Alabama,17.083,AL
54339,1971,Alabama,17.425,AL
54340,1972,Alabama,17.544,AL
54341,1973,Alabama,17.571,AL
54342,1974,Alabama,17.584,AL
54343,1975,Alabama,17.46,AL
54344,1976,Alabama,16.298,AL
54345,1977,Alabama,17.305,AL
54346,1978,Alabama,16.935,AL
54347,1979,Alabama,16.658,AL
54348,1980,Alabama,17.287,AL
54349,1981,Alabama,17.028,AL
54350,1982,Alabama,17.725,AL
54351,1983,Alabama,16.519,AL
54352,1984,Alabama,17.402,AL
54353,1985,Alabama,17.437,AL
54354,1986,Alabama,18.134,AL
54355,1987,Alabama,17.487,AL
54356,1988,Alabama,16.969,AL
54357,1989,Alabama,17.042,AL
54358,1990,Alabama,18.536,AL
54359,1991,Alabama,18.039,AL
54360,1992,Alabama,17.039,AL
54361,1993,Alabama,17.127,AL
54362,1994,Alabama,17.518,AL
54363,1995,Alabama,17.536,AL
54364,1996,Alabama,17.066,AL
54365,1997,Alabama,17.254,AL
54366,1998,Alabama,18.787,AL
54367,1999,Alabama,18.271,AL
54368,2000,Alabama,17.911,AL
54369,2001,Alabama,17.678,AL
54370,2002,Alabama,18.022,AL
54371,2003,Alabama,17.513,AL
54372,2004,Alabama,17.838,AL
54373,2005,Alabama,17.857,AL
54374,2006,Alabama,18.296,AL
54375,2007,Alabama,18.423,AL
54376,2008,Alabama,17.569,AL
54377,2009,Alabama,17.607,AL
54378,2010,Alabama,17.461,AL
54379,2011,Alabama,18.124,AL
54380,2012,Alabama,18.735,AL
54381,1953,Alaska,-4.586,AK
54382,1954,Alaska,-5.288,AK
54383,1955,Alaska,-6.153,AK
54384,1956,Alaska,-6.896,AK
54385,1957,Alaska,-3.424,AK
54386,1958,Alaska,-4.072,AK
54387,1959,Alaska,-5.471,AK
54388,1960,Alaska,-4.359,AK
54389,1961,Alaska,-5.906,AK
54390,1962,Alaska,-4.057,AK
54391,1963,Alaska,-4.279,AK
54392,1964,Alaska,-6.269,AK
54393,1965,Alaska,-5.347,AK
54394,1966,Alaska,-5.824,AK
54395,1967,Alaska,-4.003,AK
54396,1968,Alaska,-4.915,AK
54397,1969,Alaska,-4.089,AK
54398,1970,Alaska,-5.011,AK
54399,1971,Alaska,-6.615,AK
54400,1972,Alaska,-5.839,AK
54401,1973,Alaska,-5.296,AK
54402,1974,Alaska,-5.967,AK
54403,1975,Alaska,-6.158,AK
54404,1976,Alaska,-4.688,AK
54405,1977,Alaska,-3.974,AK
54406,1978,Alaska,-2.818,AK
54407,1979,Alaska,-3.503,AK
54408,1980,Alaska,-4.293,AK
54409,1981,Alaska,-2.724,AK
54410,1982,Alaska,-4.92,AK
54411,1983,Alaska,-4.121,AK
54412,1984,Alaska,-5.037,AK
54413,1985,Alaska,-4.456,AK
54414,1986,Alaska,-4.137,AK
54415,1987,Alaska,-3.673,AK
54416,1988,Alaska,-3.855,AK
54417,1989,Alaska,-4.04,AK
54418,1990,Alaska,-4.848,AK
54419,1991,Alaska,-3.999,AK
54420,1992,Alaska,-5.104,AK
54421,1993,Alaska,-2.464,AK
54422,1994,Alaska,-4.56,AK
54423,1995,Alaska,-3.559,AK
54424,1996,Alaska,-4.912,AK
54425,1997,Alaska,-3.3,AK
54426,1998,Alaska,-3.063,AK
54427,1999,Alaska,-5.628,AK
54428,2000,Alaska,-3.302,AK
54429,2001,Alaska,-3.728,AK
54430,2002,Alaska,-2.239,AK
54431,2003,Alaska,-2.804,AK
54432,2004,Alaska,-2.737,AK
54433,2005,Alaska,-2.807,AK
54434,2006,Alaska,-4.116,AK
54435,2007,Alaska,-3.252,AK
54436,2008,Alaska,-4.864,AK
54437,2009,Alaska,-3.98,AK
54438,2010,Alaska,-3.455,AK
54439,2011,Alaska,-3.793,AK
54440,2012,Alaska,-5.281,AK
54441,1953,Arizona,15.416,AZ
54442,1954,Arizona,16.277,AZ
54443,1955,Arizona,14.914,AZ
54444,1956,Arizona,15.51,AZ
54445,1957,Arizona,15.526,AZ
54446,1958,Arizona,16.009,AZ
54447,1959,Arizona,15.906,AZ
54448,1960,Arizona,15.537,AZ
54449,1961,Arizona,15.384,AZ
54450,1962,Arizona,15.669,AZ
54451,1963,Arizona,15.662,AZ
54452,1964,Arizona,14.571,AZ
54453,1965,Arizona,14.94,AZ
54454,1966,Arizona,15.521,AZ
54455,1967,Arizona,15.251,AZ
54456,1968,Arizona,14.987,AZ
54457,1969,Arizona,15.57,AZ
54458,1970,Arizona,15.191,AZ
54459,1971,Arizona,14.772,AZ
54460,1972,Arizona,15.546,AZ
54461,1973,Arizona,14.871,AZ
54462,1974,Arizona,15.448,AZ
54463,1975,Arizona,14.523,AZ
54464,1976,Arizona,15.113,AZ
54465,1977,Arizona,15.804,AZ
54466,1978,Arizona,15.613,AZ
54467,1979,Arizona,15.027,AZ
54468,1980,Arizona,15.824,AZ
54469,1981,Arizona,16.45,AZ
54470,1982,Arizona,15.032,AZ
54471,1983,Arizona,15.31,AZ
54472,1984,Arizona,15.398,AZ
54473,1985,Arizona,15.439,AZ
54474,1986,Arizona,15.976,AZ
54475,1987,Arizona,15.304,AZ
54476,1988,Arizona,15.771,AZ
54477,1989,Arizona,16.335,AZ
54478,1990,Arizona,15.531,AZ
54479,1991,Arizona,15.249,AZ
54480,1992,Arizona,15.429,AZ
54481,1993,Arizona,15.553,AZ
54482,1994,Arizona,15.99,AZ
54483,1995,Arizona,16.204,AZ
54484,1996,Arizona,16.665,AZ
54485,1997,Arizona,15.954,AZ
54486,1998,Arizona,15.258,AZ
54487,1999,Arizona,16,AZ
54488,2000,Arizona,16.51,AZ
54489,2001,Arizona,16.258,AZ
54490,2002,Arizona,16.256,AZ
54491,2003,Arizona,16.676,AZ
54492,2004,Arizona,15.84,AZ
54493,2005,Arizona,16.267,AZ
54494,2006,Arizona,16.22,AZ
54495,2007,Arizona,16.443,AZ
54496,2008,Arizona,15.916,AZ
54497,2009,Arizona,16.188,AZ
54498,2010,Arizona,15.798,AZ
54499,2011,Arizona,15.774,AZ
54500,2012,Arizona,16.752,AZ
54501,1953,Arkansas,16.702,AR
54502,1954,Arkansas,17.218,AR
54503,1955,Arkansas,16.169,AR
54504,1956,Arkansas,16.496,AR
54505,1957,Arkansas,16.044,AR
54506,1958,Arkansas,15.042,AR
54507,1959,Arkansas,15.735,AR
54508,1960,Arkansas,15.134,AR
54509,1961,Arkansas,15.245,AR
54510,1962,Arkansas,15.897,AR
54511,1963,Arkansas,15.894,AR
54512,1964,Arkansas,16.087,AR
54513,1965,Arkansas,16.289,AR
54514,1966,Arkansas,15.279,AR
54515,1967,Arkansas,15.662,AR
54516,1968,Arkansas,15.014,AR
54517,1969,Arkansas,15.5,AR
54518,1970,Arkansas,15.614,AR
54519,1971,Arkansas,16.094,AR
54520,1972,Arkansas,15.828,AR
54521,1973,Arkansas,16.126,AR
54522,1974,Arkansas,15.94,AR
54523,1975,Arkansas,15.769,AR
54524,1976,Arkansas,15.106,AR
54525,1977,Arkansas,16.219,AR
54526,1978,Arkansas,15.183,AR
54527,1979,Arkansas,14.703,AR
54528,1980,Arkansas,16.108,AR
54529,1981,Arkansas,15.929,AR
54530,1982,Arkansas,15.799,AR
54531,1983,Arkansas,15.168,AR
54532,1984,Arkansas,15.86,AR
54533,1985,Arkansas,15.705,AR
54534,1986,Arkansas,16.66,AR
54535,1987,Arkansas,16.402,AR
54536,1988,Arkansas,15.73,AR
54537,1989,Arkansas,15.276,AR
54538,1990,Arkansas,16.87,AR
54539,1991,Arkansas,16.558,AR
54540,1992,Arkansas,15.798,AR
54541,1993,Arkansas,15.393,AR
54542,1994,Arkansas,16.015,AR
54543,1995,Arkansas,16.067,AR
54544,1996,Arkansas,15.565,AR
54545,1997,Arkansas,15.621,AR
54546,1998,Arkansas,17.488,AR
54547,1999,Arkansas,17.021,AR
54548,2000,Arkansas,16.363,AR
54549,2001,Arkansas,16.508,AR
54550,2002,Arkansas,16.199,AR
54551,2003,Arkansas,16.045,AR
54552,2004,Arkansas,16.4,AR
54553,2005,Arkansas,16.874,AR
54554,2006,Arkansas,16.949,AR
54555,2007,Arkansas,16.834,AR
54556,2008,Arkansas,15.762,AR
54557,2009,Arkansas,15.812,AR
54558,2010,Arkansas,16.471,AR
54559,2011,Arkansas,16.866,AR
54560,2012,Arkansas,17.826,AR
54561,1953,California,14.236,CA
54562,1954,California,14.457,CA
54563,1955,California,13.688,CA
54564,1956,California,14.096,CA
54565,1957,California,14.203,CA
54566,1958,California,15.186,CA
54567,1959,California,15.156,CA
54568,1960,California,14.671,CA
54569,1961,California,14.549,CA
54570,1962,California,14.281,CA
54571,1963,California,14.171,CA
54572,1964,California,13.813,CA
54573,1965,California,13.921,CA
54574,1966,California,14.607,CA
54575,1967,California,14.384,CA
54576,1968,California,14.415,CA
54577,1969,California,14.342,CA
54578,1970,California,14.492,CA
54579,1971,California,13.636,CA
54580,1972,California,14.214,CA
54581,1973,California,14.245,CA
54582,1974,California,14.428,CA
54583,1975,California,13.681,CA
54584,1976,California,14.368,CA
54585,1977,California,14.651,CA
54586,1978,California,14.456,CA
54587,1979,California,14.468,CA
54588,1980,California,14.663,CA
54589,1981,California,15.319,CA
54590,1982,California,13.702,CA
54591,1983,California,14.421,CA
54592,1984,California,14.699,CA
54593,1985,California,14.181,CA
54594,1986,California,15.046,CA
54595,1987,California,14.74,CA
54596,1988,California,14.969,CA
54597,1989,California,14.605,CA
54598,1990,California,14.528,CA
54599,1991,California,14.558,CA
54600,1992,California,15.277,CA
54601,1993,California,14.407,CA
54602,1994,California,14.568,CA
54603,1995,California,15.094,CA
54604,1996,California,15.446,CA
54605,1997,California,15.2,CA
54606,1998,California,13.906,CA
54607,1999,California,14.535,CA
54608,2000,California,15.019,CA
54609,2001,California,15.171,CA
54610,2002,California,15.038,CA
54611,2003,California,15.391,CA
54612,2004,California,15.069,CA
54613,2005,California,14.92,CA
54614,2006,California,14.945,CA
54615,2007,California,15.062,CA
54616,2008,California,15.071,CA
54617,2009,California,15.004,CA
54618,2010,California,14.408,CA
54619,2011,California,14.266,CA
54620,2012,California,15.358,CA
54621,1953,Colorado,7.674,CO
54622,1954,Colorado,8.603,CO
54623,1955,Colorado,6.873,CO
54624,1956,Colorado,7.43,CO
54625,1957,Colorado,6.852,CO
54626,1958,Colorado,7.574,CO
54627,1959,Colorado,7.167,CO
54628,1960,Colorado,6.898,CO
54629,1961,Colorado,6.703,CO
54630,1962,Colorado,7.378,CO
54631,1963,Colorado,7.997,CO
54632,1964,Colorado,6.57,CO
54633,1965,Colorado,6.877,CO
54634,1966,Colorado,7.126,CO
54635,1967,Colorado,7.148,CO
54636,1968,Colorado,6.594,CO
54637,1969,Colorado,7.127,CO
54638,1970,Colorado,6.947,CO
54639,1971,Colorado,6.791,CO
54640,1972,Colorado,7.063,CO
54641,1973,Colorado,6.425,CO
54642,1974,Colorado,6.984,CO
54643,1975,Colorado,6.44,CO
54644,1976,Colorado,7.089,CO
54645,1977,Colorado,7.929,CO
54646,1978,Colorado,6.954,CO
54647,1979,Colorado,6.47,CO
54648,1980,Colorado,7.661,CO
54649,1981,Colorado,8.413,CO
54650,1982,Colorado,6.74,CO
54651,1983,Colorado,6.911,CO
54652,1984,Colorado,6.578,CO
54653,1985,Colorado,6.695,CO
54654,1986,Colorado,7.921,CO
54655,1987,Colorado,7.328,CO
54656,1988,Colorado,7.232,CO
54657,1989,Colorado,7.336,CO
54658,1990,Colorado,7.472,CO
54659,1991,Colorado,7.193,CO
54660,1992,Colorado,7.289,CO
54661,1993,Colorado,6.491,CO
54662,1994,Colorado,7.989,CO
54663,1995,Colorado,7.518,CO
54664,1996,Colorado,7.524,CO
54665,1997,Colorado,7.048,CO
54666,1998,Colorado,7.808,CO
54667,1999,Colorado,8.016,CO
54668,2000,Colorado,8.205,CO
54669,2001,Colorado,8.143,CO
54670,2002,Colorado,7.721,CO
54671,2003,Colorado,8.254,CO
54672,2004,Colorado,7.617,CO
54673,2005,Colorado,8.102,CO
54674,2006,Colorado,7.973,CO
54675,2007,Colorado,7.828,CO
54676,2008,Colorado,7.089,CO
54677,2009,Colorado,7.219,CO
54678,2010,Colorado,7.759,CO
54679,2011,Colorado,7.392,CO
54680,2012,Colorado,8.992,CO
54681,1953,Connecticut,10.836,CT
54682,1954,Connecticut,9.807,CT
54683,1955,Connecticut,9.777,CT
54684,1956,Connecticut,9.187,CT
54685,1957,Connecticut,10.132,CT
54686,1958,Connecticut,8.786,CT
54687,1959,Connecticut,10.073,CT
54688,1960,Connecticut,9.451,CT
54689,1961,Connecticut,9.525,CT
54690,1962,Connecticut,8.741,CT
54691,1963,Connecticut,9.061,CT
54692,1964,Connecticut,9.44,CT
54693,1965,Connecticut,9.095,CT
54694,1966,Connecticut,9.342,CT
54695,1967,Connecticut,8.912,CT
54696,1968,Connecticut,9.251,CT
54697,1969,Connecticut,9.465,CT
54698,1970,Connecticut,9.32,CT
54699,1971,Connecticut,9.545,CT
54700,1972,Connecticut,8.993,CT
54701,1973,Connecticut,10.473,CT
54702,1974,Connecticut,9.584,CT
54703,1975,Connecticut,10.077,CT
54704,1976,Connecticut,9.227,CT
54705,1977,Connecticut,9.568,CT
54706,1978,Connecticut,8.732,CT
54707,1979,Connecticut,9.769,CT
54708,1980,Connecticut,9.268,CT
54709,1981,Connecticut,9.458,CT
54710,1982,Connecticut,9.307,CT
54711,1983,Connecticut,10.127,CT
54712,1984,Connecticut,9.912,CT
54713,1985,Connecticut,9.713,CT
54714,1986,Connecticut,9.614,CT
54715,1987,Connecticut,9.677,CT
54716,1988,Connecticut,9.481,CT
54717,1989,Connecticut,9.231,CT
54718,1990,Connecticut,10.831,CT
54719,1991,Connecticut,10.797,CT
54720,1992,Connecticut,9.05,CT
54721,1993,Connecticut,9.553,CT
54722,1994,Connecticut,9.622,CT
54723,1995,Connecticut,9.803,CT
54724,1996,Connecticut,9.368,CT
54725,1997,Connecticut,9.587,CT
54726,1998,Connecticut,11.117,CT
54727,1999,Connecticut,10.845,CT
54728,2000,Connecticut,9.581,CT
54729,2001,Connecticut,10.547,CT
54730,2002,Connecticut,10.723,CT
54731,2003,Connecticut,9.43,CT
54732,2004,Connecticut,9.707,CT
54733,2005,Connecticut,10.121,CT
54734,2006,Connecticut,11.025,CT
54735,2007,Connecticut,10.098,CT
54736,2008,Connecticut,10.328,CT
54737,2009,Connecticut,9.744,CT
54738,2010,Connecticut,11.057,CT
54739,2011,Connecticut,10.831,CT
54740,2012,Connecticut,11.633,CT
54741,1953,Delaware,13.297,DE
54742,1954,Delaware,12.695,DE
54743,1955,Delaware,12.455,DE
54744,1956,Delaware,12.244,DE
54745,1957,Delaware,12.817,DE
54746,1958,Delaware,11.379,DE
54747,1959,Delaware,13.028,DE
54748,1960,Delaware,11.992,DE
54749,1961,Delaware,12.206,DE
54750,1962,Delaware,11.552,DE
54751,1963,Delaware,11.64,DE
54752,1964,Delaware,12.27,DE
54753,1965,Delaware,11.988,DE
54754,1966,Delaware,11.888,DE
54755,1967,Delaware,11.497,DE
54756,1968,Delaware,12.182,DE
54757,1969,Delaware,11.97,DE
54758,1970,Delaware,12.167,DE
54759,1971,Delaware,12.447,DE
54760,1972,Delaware,11.876,DE
54761,1973,Delaware,13.112,DE
54762,1974,Delaware,12.52,DE
54763,1975,Delaware,12.785,DE
54764,1976,Delaware,11.965,DE
54765,1977,Delaware,12.466,DE
54766,1978,Delaware,11.552,DE
54767,1979,Delaware,12.109,DE
54768,1980,Delaware,12.208,DE
54769,1981,Delaware,12.031,DE
54770,1982,Delaware,12.141,DE
54771,1983,Delaware,12.692,DE
54772,1984,Delaware,12.513,DE
54773,1985,Delaware,12.851,DE
54774,1986,Delaware,12.663,DE
54775,1987,Delaware,12.555,DE
54776,1988,Delaware,11.984,DE
54777,1989,Delaware,12.114,DE
54778,1990,Delaware,13.724,DE
54779,1991,Delaware,13.639,DE
54780,1992,Delaware,11.984,DE
54781,1993,Delaware,12.485,DE
54782,1994,Delaware,12.492,DE
54783,1995,Delaware,12.577,DE
54784,1996,Delaware,11.958,DE
54785,1997,Delaware,12.441,DE
54786,1998,Delaware,13.89,DE
54787,1999,Delaware,13.329,DE
54788,2000,Delaware,12.348,DE
54789,2001,Delaware,13.098,DE
54790,2002,Delaware,13.627,DE
54791,2003,Delaware,12.115,DE
54792,2004,Delaware,12.724,DE
54793,2005,Delaware,12.748,DE
54794,2006,Delaware,13.668,DE
54795,2007,Delaware,13.013,DE
54796,2008,Delaware,13.052,DE
54797,2009,Delaware,12.541,DE
54798,2010,Delaware,13.313,DE
54799,2011,Delaware,13.69,DE
54800,2012,Delaware,14.09,DE
54801,1953,District Of Columbia,13.295,DC
54802,1954,District Of Columbia,12.686,DC
54803,1955,District Of Columbia,12.481,DC
54804,1956,District Of Columbia,12.301,DC
54805,1957,District Of Columbia,12.737,DC
54806,1958,District Of Columbia,11.343,DC
54807,1959,District Of Columbia,13.063,DC
54808,1960,District Of Columbia,11.782,DC
54809,1961,District Of Columbia,12.108,DC
54810,1962,District Of Columbia,11.612,DC
54811,1963,District Of Columbia,11.575,DC
54812,1964,District Of Columbia,12.329,DC
54813,1965,District Of Columbia,12.176,DC
54814,1966,District Of Columbia,11.894,DC
54815,1967,District Of Columbia,11.601,DC
54816,1968,District Of Columbia,12.149,DC
54817,1969,District Of Columbia,11.982,DC
54818,1970,District Of Columbia,12.286,DC
54819,1971,District Of Columbia,12.432,DC
54820,1972,District Of Columbia,11.895,DC
54821,1973,District Of Columbia,13.04,DC
54822,1974,District Of Columbia,12.512,DC
54823,1975,District Of Columbia,12.668,DC
54824,1976,District Of Columbia,11.853,DC
54825,1977,District Of Columbia,12.342,DC
54826,1978,District Of Columbia,11.56,DC
54827,1979,District Of Columbia,11.875,DC
54828,1980,District Of Columbia,12.22,DC
54829,1981,District Of Columbia,12,DC
54830,1982,District Of Columbia,12.156,DC
54831,1983,District Of Columbia,12.476,DC
54832,1984,District Of Columbia,12.424,DC
54833,1985,District Of Columbia,12.79,DC
54834,1986,District Of Columbia,12.654,DC
54835,1987,District Of Columbia,12.775,DC
54836,1988,District Of Columbia,12.141,DC
54837,1989,District Of Columbia,11.922,DC
54838,1990,District Of Columbia,13.745,DC
54839,1991,District Of Columbia,13.759,DC
54840,1992,District Of Columbia,11.957,DC
54841,1993,District Of Columbia,12.39,DC
54842,1994,District Of Columbia,12.455,DC
54843,1995,District Of Columbia,12.553,DC
54844,1996,District Of Columbia,11.847,DC
54845,1997,District Of Columbia,12.357,DC
54846,1998,District Of Columbia,14.074,DC
54847,1999,District Of Columbia,13.189,DC
54848,2000,District Of Columbia,12.278,DC
54849,2001,District Of Columbia,12.994,DC
54850,2002,District Of Columbia,13.464,DC
54851,2003,District Of Columbia,12.073,DC
54852,2004,District Of Columbia,12.787,DC
54853,2005,District Of Columbia,12.819,DC
54854,2006,District Of Columbia,13.589,DC
54855,2007,District Of Columbia,13.133,DC
54856,2008,District Of Columbia,12.764,DC
54857,2009,District Of Columbia,12.438,DC
54858,2010,District Of Columbia,13.281,DC
54859,2011,District Of Columbia,13.557,DC
54860,2012,District Of Columbia,13.997,DC
54861,1953,Florida,22.034,FL
54862,1954,Florida,21.656,FL
54863,1955,Florida,21.704,FL
54864,1956,Florida,21.593,FL
54865,1957,Florida,22.188,FL
54866,1958,Florida,21.098,FL
54867,1959,Florida,21.956,FL
54868,1960,Florida,21.252,FL
54869,1961,Florida,21.64,FL
54870,1962,Florida,21.538,FL
54871,1963,Florida,21.213,FL
54872,1964,Florida,21.685,FL
54873,1965,Florida,21.8,FL
54874,1966,Florida,21.156,FL
54875,1967,Florida,21.747,FL
54876,1968,Florida,20.903,FL
54877,1969,Florida,21.103,FL
54878,1970,Florida,21.328,FL
54879,1971,Florida,21.893,FL
54880,1972,Florida,22.204,FL
54881,1973,Florida,21.83,FL
54882,1974,Florida,22.144,FL
54883,1975,Florida,22.361,FL
54884,1976,Florida,21.148,FL
54885,1977,Florida,21.374,FL
54886,1978,Florida,21.55,FL
54887,1979,Florida,21.629,FL
54888,1980,Florida,21.674,FL
54889,1981,Florida,21.313,FL
54890,1982,Florida,22.503,FL
54891,1983,Florida,21.285,FL
54892,1984,Florida,21.65,FL
54893,1985,Florida,22.069,FL
54894,1986,Florida,22.435,FL
54895,1987,Florida,21.68,FL
54896,1988,Florida,21.441,FL
54897,1989,Florida,22.081,FL
54898,1990,Florida,22.902,FL
54899,1991,Florida,22.506,FL
54900,1992,Florida,21.686,FL
54901,1993,Florida,21.747,FL
54902,1994,Florida,22.414,FL
54903,1995,Florida,22.007,FL
54904,1996,Florida,21.548,FL
54905,1997,Florida,22.261,FL
54906,1998,Florida,22.955,FL
54907,1999,Florida,22.272,FL
54908,2000,Florida,21.952,FL
54909,2001,Florida,22.157,FL
54910,2002,Florida,22.431,FL
54911,2003,Florida,22.179,FL
54912,2004,Florida,22.141,FL
54913,2005,Florida,22.106,FL
54914,2006,Florida,22.392,FL
54915,2007,Florida,22.588,FL
54916,2008,Florida,22.107,FL
54917,2009,Florida,22.292,FL
54918,2010,Florida,21.281,FL
54919,2011,Florida,22.596,FL
54920,2012,Florida,22.681,FL
54921,1953,Georgia (State),18.136,GA
54922,1954,Georgia (State),18.284,GA
54923,1955,Georgia (State),17.912,GA
54924,1956,Georgia (State),18.065,GA
54925,1957,Georgia (State),18.267,GA
54926,1958,Georgia (State),16.983,GA
54927,1959,Georgia (State),17.945,GA
54928,1960,Georgia (State),17.116,GA
54929,1961,Georgia (State),17.452,GA
54930,1962,Georgia (State),17.715,GA
54931,1963,Georgia (State),17.049,GA
54932,1964,Georgia (State),17.454,GA
54933,1965,Georgia (State),17.776,GA
54934,1966,Georgia (State),17.013,GA
54935,1967,Georgia (State),17.4,GA
54936,1968,Georgia (State),16.939,GA
54937,1969,Georgia (State),16.978,GA
54938,1970,Georgia (State),17.601,GA
54939,1971,Georgia (State),17.88,GA
54940,1972,Georgia (State),17.976,GA
54941,1973,Georgia (State),17.94,GA
54942,1974,Georgia (State),18.153,GA
54943,1975,Georgia (State),18.082,GA
54944,1976,Georgia (State),16.868,GA
54945,1977,Georgia (State),17.626,GA
54946,1978,Georgia (State),17.425,GA
54947,1979,Georgia (State),17.261,GA
54948,1980,Georgia (State),17.659,GA
54949,1981,Georgia (State),17.287,GA
54950,1982,Georgia (State),18.175,GA
54951,1983,Georgia (State),17.065,GA
54952,1984,Georgia (State),17.845,GA
54953,1985,Georgia (State),18.108,GA
54954,1986,Georgia (State),18.746,GA
54955,1987,Georgia (State),17.788,GA
54956,1988,Georgia (State),17.316,GA
54957,1989,Georgia (State),17.769,GA
54958,1990,Georgia (State),19.144,GA
54959,1991,Georgia (State),18.512,GA
54960,1992,Georgia (State),17.515,GA
54961,1993,Georgia (State),17.774,GA
54962,1994,Georgia (State),18.017,GA
54963,1995,Georgia (State),17.98,GA
54964,1996,Georgia (State),17.486,GA
54965,1997,Georgia (State),17.807,GA
54966,1998,Georgia (State),19.158,GA
54967,1999,Georgia (State),18.503,GA
54968,2000,Georgia (State),17.921,GA
54969,2001,Georgia (State),18.229,GA
54970,2002,Georgia (State),18.524,GA
54971,2003,Georgia (State),17.965,GA
54972,2004,Georgia (State),18.273,GA
54973,2005,Georgia (State),18.174,GA
54974,2006,Georgia (State),18.602,GA
54975,2007,Georgia (State),18.752,GA
54976,2008,Georgia (State),18.05,GA
54977,2009,Georgia (State),18.035,GA
54978,2010,Georgia (State),17.762,GA
54979,2011,Georgia (State),18.724,GA
54980,2012,Georgia (State),19.091,GA
54981,1953,Hawaii,22.32,HI
54982,1954,Hawaii,22.501,HI
54983,1955,Hawaii,21.638,HI
54984,1956,Hawaii,22.25,HI
54985,1957,Hawaii,22.249,HI
54986,1958,Hawaii,22.139,HI
54987,1959,Hawaii,22.612,HI
54988,1960,Hawaii,22.486,HI
54989,1961,Hawaii,22.578,HI
54990,1962,Hawaii,22.363,HI
54991,1963,Hawaii,22.646,HI
54992,1964,Hawaii,22.428,HI
54993,1965,Hawaii,22.269,HI
54994,1966,Hawaii,22.518,HI
54995,1967,Hawaii,22.836,HI
54996,1968,Hawaii,23.203,HI
54997,1969,Hawaii,22.44,HI
54998,1970,Hawaii,22.46,HI
54999,1971,Hawaii,22.201,HI
55000,1972,Hawaii,22.227,HI
55001,1973,Hawaii,22.218,HI
55002,1974,Hawaii,22.766,HI
55003,1975,Hawaii,21.992,HI
55004,1976,Hawaii,22.139,HI
55005,1977,Hawaii,22.852,HI
55006,1978,Hawaii,22.848,HI
55007,1979,Hawaii,22.688,HI
55008,1980,Hawaii,23.028,HI
55009,1981,Hawaii,23.045,HI
55010,1982,Hawaii,22.738,HI
55011,1983,Hawaii,22.504,HI
55012,1984,Hawaii,23.138,HI
55013,1985,Hawaii,22.594,HI
55014,1986,Hawaii,23.467,HI
55015,1987,Hawaii,22.992,HI
55016,1988,Hawaii,23.315,HI
55017,1989,Hawaii,22.867,HI
55018,1990,Hawaii,22.992,HI
55019,1991,Hawaii,23.027,HI
55020,1992,Hawaii,23.177,HI
55021,1993,Hawaii,22.76,HI
55022,1994,Hawaii,23.043,HI
55023,1995,Hawaii,23.19,HI
55024,1996,Hawaii,23.383,HI
55025,1997,Hawaii,23.173,HI
55026,1998,Hawaii,22.571,HI
55027,1999,Hawaii,22.557,HI
55028,2000,Hawaii,22.942,HI
55029,2001,Hawaii,23.064,HI
55030,2002,Hawaii,23.106,HI
55031,2003,Hawaii,23.261,HI
55032,2004,Hawaii,23.435,HI
55033,2005,Hawaii,23.255,HI
55034,2006,Hawaii,23.034,HI
55035,2007,Hawaii,23.001,HI
55036,2008,Hawaii,22.753,HI
55037,2009,Hawaii,22.82,HI
55038,2010,Hawaii,22.762,HI
55039,2011,Hawaii,22.853,HI
55040,2012,Hawaii,22.652,HI
55041,1953,Idaho,6.476,ID
55042,1954,Idaho,5.918,ID
55043,1955,Idaho,4.345,ID
55044,1956,Idaho,5.302,ID
55045,1957,Idaho,5.275,ID
55046,1958,Idaho,6.631,ID
55047,1959,Idaho,5.606,ID
55048,1960,Idaho,5.452,ID
55049,1961,Idaho,6.129,ID
55050,1962,Idaho,5.521,ID
55051,1963,Idaho,6.082,ID
55052,1964,Idaho,4.547,ID
55053,1965,Idaho,5.491,ID
55054,1966,Idaho,6.015,ID
55055,1967,Idaho,6.132,ID
55056,1968,Idaho,5.44,ID
55057,1969,Idaho,5.611,ID
55058,1970,Idaho,5.52,ID
55059,1971,Idaho,5.14,ID
55060,1972,Idaho,5.339,ID
55061,1973,Idaho,5.727,ID
55062,1974,Idaho,5.91,ID
55063,1975,Idaho,4.829,ID
55064,1976,Idaho,5.454,ID
55065,1977,Idaho,5.856,ID
55066,1978,Idaho,5.434,ID
55067,1979,Idaho,5.471,ID
55068,1980,Idaho,5.915,ID
55069,1981,Idaho,6.589,ID
55070,1982,Idaho,4.696,ID
55071,1983,Idaho,5.688,ID
55072,1984,Idaho,4.559,ID
55073,1985,Idaho,3.948,ID
55074,1986,Idaho,6.291,ID
55075,1987,Idaho,6.468,ID
55076,1988,Idaho,6.338,ID
55077,1989,Idaho,5.556,ID
55078,1990,Idaho,5.931,ID
55079,1991,Idaho,5.815,ID
55080,1992,Idaho,6.753,ID
55081,1993,Idaho,4.488,ID
55082,1994,Idaho,6.423,ID
55083,1995,Idaho,6.026,ID
55084,1996,Idaho,5.739,ID
55085,1997,Idaho,5.815,ID
55086,1998,Idaho,6.432,ID
55087,1999,Idaho,6.087,ID
55088,2000,Idaho,6.239,ID
55089,2001,Idaho,6.429,ID
55090,2002,Idaho,5.776,ID
55091,2003,Idaho,7.068,ID
55092,2004,Idaho,6.387,ID
55093,2005,Idaho,6.063,ID
55094,2006,Idaho,6.432,ID
55095,2007,Idaho,6.739,ID
55096,2008,Idaho,5.509,ID
55097,2009,Idaho,5.664,ID
55098,2010,Idaho,5.92,ID
55099,2011,Idaho,5.426,ID
55100,2012,Idaho,6.956,ID
55101,1953,Illinois,12.349,IL
55102,1954,Illinois,12.349,IL
55103,1955,Illinois,11.659,IL
55104,1956,Illinois,11.763,IL
55105,1957,Illinois,11.347,IL
55106,1958,Illinois,10.403,IL
55107,1959,Illinois,11.336,IL
55108,1960,Illinois,10.523,IL
55109,1961,Illinois,10.952,IL
55110,1962,Illinois,10.828,IL
55111,1963,Illinois,10.743,IL
55112,1964,Illinois,11.728,IL
55113,1965,Illinois,11.399,IL
55114,1966,Illinois,10.677,IL
55115,1967,Illinois,10.689,IL
55116,1968,Illinois,11.016,IL
55117,1969,Illinois,10.616,IL
55118,1970,Illinois,11.053,IL
55119,1971,Illinois,11.565,IL
55120,1972,Illinois,10.547,IL
55121,1973,Illinois,12.073,IL
55122,1974,Illinois,11.251,IL
55123,1975,Illinois,11.5,IL
55124,1976,Illinois,10.628,IL
55125,1977,Illinois,11.241,IL
55126,1978,Illinois,10.148,IL
55127,1979,Illinois,10.057,IL
55128,1980,Illinois,11.111,IL
55129,1981,Illinois,11.38,IL
55130,1982,Illinois,10.75,IL
55131,1983,Illinois,11.44,IL
55132,1984,Illinois,11.346,IL
55133,1985,Illinois,10.681,IL
55134,1986,Illinois,11.846,IL
55135,1987,Illinois,12.557,IL
55136,1988,Illinois,11.47,IL
55137,1989,Illinois,10.505,IL
55138,1990,Illinois,12.295,IL
55139,1991,Illinois,12.362,IL
55140,1992,Illinois,11.374,IL
55141,1993,Illinois,10.791,IL
55142,1994,Illinois,11.409,IL
55143,1995,Illinois,11.204,IL
55144,1996,Illinois,10.387,IL
55145,1997,Illinois,10.899,IL
55146,1998,Illinois,13.23,IL
55147,1999,Illinois,12.334,IL
55148,2000,Illinois,11.583,IL
55149,2001,Illinois,12.222,IL
55150,2002,Illinois,12.111,IL
55151,2003,Illinois,11.293,IL
55152,2004,Illinois,11.761,IL
55153,2005,Illinois,12.354,IL
55154,2006,Illinois,12.577,IL
55155,2007,Illinois,12.372,IL
55156,2008,Illinois,10.842,IL
55157,2009,Illinois,11.13,IL
55158,2010,Illinois,12.002,IL
55159,2011,Illinois,12.112,IL
55160,2012,Illinois,13.524,IL
55161,1953,Indiana,12.298,IN
55162,1954,Indiana,12.177,IN
55163,1955,Indiana,11.654,IN
55164,1956,Indiana,11.652,IN
55165,1957,Indiana,11.368,IN
55166,1958,Indiana,10.219,IN
55167,1959,Indiana,11.601,IN
55168,1960,Indiana,10.558,IN
55169,1961,Indiana,10.981,IN
55170,1962,Indiana,10.802,IN
55171,1963,Indiana,10.371,IN
55172,1964,Indiana,11.609,IN
55173,1965,Indiana,11.389,IN
55174,1966,Indiana,10.62,IN
55175,1967,Indiana,10.68,IN
55176,1968,Indiana,10.933,IN
55177,1969,Indiana,10.634,IN
55178,1970,Indiana,11.11,IN
55179,1971,Indiana,11.444,IN
55180,1972,Indiana,10.633,IN
55181,1973,Indiana,12.132,IN
55182,1974,Indiana,11.232,IN
55183,1975,Indiana,11.604,IN
55184,1976,Indiana,10.505,IN
55185,1977,Indiana,11.134,IN
55186,1978,Indiana,10.052,IN
55187,1979,Indiana,10.124,IN
55188,1980,Indiana,10.839,IN
55189,1981,Indiana,10.997,IN
55190,1982,Indiana,10.916,IN
55191,1983,Indiana,11.522,IN
55192,1984,Indiana,11.266,IN
55193,1985,Indiana,11.08,IN
55194,1986,Indiana,11.841,IN
55195,1987,Indiana,12.321,IN
55196,1988,Indiana,11.289,IN
55197,1989,Indiana,10.58,IN
55198,1990,Indiana,12.316,IN
55199,1991,Indiana,12.519,IN
55200,1992,Indiana,11.206,IN
55201,1993,Indiana,10.941,IN
55202,1994,Indiana,11.348,IN
55203,1995,Indiana,11.277,IN
55204,1996,Indiana,10.535,IN
55205,1997,Indiana,10.813,IN
55206,1998,Indiana,13.243,IN
55207,1999,Indiana,12.305,IN
55208,2000,Indiana,11.416,IN
55209,2001,Indiana,12.265,IN
55210,2002,Indiana,12.251,IN
55211,2003,Indiana,11.152,IN
55212,2004,Indiana,11.773,IN
55213,2005,Indiana,12.113,IN
55214,2006,Indiana,12.419,IN
55215,2007,Indiana,12.359,IN
55216,2008,Indiana,11.1,IN
55217,2009,Indiana,11.208,IN
55218,2010,Indiana,11.991,IN
55219,2011,Indiana,12.175,IN
55220,2012,Indiana,13.319,IN
55221,1953,Iowa,10.068,IA
55222,1954,Iowa,10.138,IA
55223,1955,Iowa,9.397,IA
55224,1956,Iowa,9.5,IA
55225,1957,Iowa,9.179,IA
55226,1958,Iowa,8.82,IA
55227,1959,Iowa,8.832,IA
55228,1960,Iowa,8.38,IA
55229,1961,Iowa,8.732,IA
55230,1962,Iowa,8.597,IA
55231,1963,Iowa,9.268,IA
55232,1964,Iowa,9.683,IA
55233,1965,Iowa,8.71,IA
55234,1966,Iowa,8.545,IA
55235,1967,Iowa,8.689,IA
55236,1968,Iowa,9.22,IA
55237,1969,Iowa,8.366,IA
55238,1970,Iowa,8.863,IA
55239,1971,Iowa,9.137,IA
55240,1972,Iowa,8.088,IA
55241,1973,Iowa,9.863,IA
55242,1974,Iowa,9.229,IA
55243,1975,Iowa,9.092,IA
55244,1976,Iowa,9.09,IA
55245,1977,Iowa,9.626,IA
55246,1978,Iowa,7.934,IA
55247,1979,Iowa,7.801,IA
55248,1980,Iowa,9.422,IA
55249,1981,Iowa,9.956,IA
55250,1982,Iowa,8.349,IA
55251,1983,Iowa,9.186,IA
55252,1984,Iowa,9.263,IA
55253,1985,Iowa,8.241,IA
55254,1986,Iowa,9.716,IA
55255,1987,Iowa,11.126,IA
55256,1988,Iowa,9.799,IA
55257,1989,Iowa,8.602,IA
55258,1990,Iowa,10.229,IA
55259,1991,Iowa,9.804,IA
55260,1992,Iowa,9.372,IA
55261,1993,Iowa,8.163,IA
55262,1994,Iowa,9.166,IA
55263,1995,Iowa,9.048,IA
55264,1996,Iowa,7.876,IA
55265,1997,Iowa,8.998,IA
55266,1998,Iowa,11.054,IA
55267,1999,Iowa,10.417,IA
55268,2000,Iowa,9.81,IA
55269,2001,Iowa,10.064,IA
55270,2002,Iowa,10.084,IA
55271,2003,Iowa,9.453,IA
55272,2004,Iowa,9.748,IA
55273,2005,Iowa,10.375,IA
55274,2006,Iowa,10.798,IA
55275,2007,Iowa,10.01,IA
55276,2008,Iowa,8.356,IA
55277,2009,Iowa,8.797,IA
55278,2010,Iowa,9.645,IA
55279,2011,Iowa,9.723,IA
55280,2012,Iowa,11.742,IA
55281,1953,Kansas,13.637,KS
55282,1954,Kansas,14.18,KS
55283,1955,Kansas,12.71,KS
55284,1956,Kansas,13.45,KS
55285,1957,Kansas,12.237,KS
55286,1958,Kansas,12.003,KS
55287,1959,Kansas,12.227,KS
55288,1960,Kansas,11.707,KS
55289,1961,Kansas,11.705,KS
55290,1962,Kansas,12.625,KS
55291,1963,Kansas,13.46,KS
55292,1964,Kansas,12.888,KS
55293,1965,Kansas,12.663,KS
55294,1966,Kansas,12.155,KS
55295,1967,Kansas,12.374,KS
55296,1968,Kansas,12.182,KS
55297,1969,Kansas,12.023,KS
55298,1970,Kansas,12.485,KS
55299,1971,Kansas,12.402,KS
55300,1972,Kansas,12.029,KS
55301,1973,Kansas,12.457,KS
55302,1974,Kansas,12.695,KS
55303,1975,Kansas,12.319,KS
55304,1976,Kansas,12.602,KS
55305,1977,Kansas,13.315,KS
55306,1978,Kansas,11.747,KS
55307,1979,Kansas,11.52,KS
55308,1980,Kansas,13.061,KS
55309,1981,Kansas,13.384,KS
55310,1982,Kansas,11.914,KS
55311,1983,Kansas,12.028,KS
55312,1984,Kansas,12.441,KS
55313,1985,Kansas,11.645,KS
55314,1986,Kansas,13.672,KS
55315,1987,Kansas,13.293,KS
55316,1988,Kansas,12.873,KS
55317,1989,Kansas,12.018,KS
55318,1990,Kansas,13.317,KS
55319,1991,Kansas,13.42,KS
55320,1992,Kansas,12.574,KS
55321,1993,Kansas,11.372,KS
55322,1994,Kansas,13.01,KS
55323,1995,Kansas,12.475,KS
55324,1996,Kansas,11.978,KS
55325,1997,Kansas,12.328,KS
55326,1998,Kansas,13.786,KS
55327,1999,Kansas,13.614,KS
55328,2000,Kansas,13.344,KS
55329,2001,Kansas,13.536,KS
55330,2002,Kansas,13.167,KS
55331,2003,Kansas,13.075,KS
55332,2004,Kansas,13.068,KS
55333,2005,Kansas,13.519,KS
55334,2006,Kansas,14.071,KS
55335,2007,Kansas,13.084,KS
55336,2008,Kansas,12.263,KS
55337,2009,Kansas,12.294,KS
55338,2010,Kansas,13.231,KS
55339,2011,Kansas,13.196,KS
55340,2012,Kansas,14.837,KS
55341,1953,Kentucky,14.187,KY
55342,1954,Kentucky,14.111,KY
55343,1955,Kentucky,13.611,KY
55344,1956,Kentucky,13.705,KY
55345,1957,Kentucky,13.723,KY
55346,1958,Kentucky,12.087,KY
55347,1959,Kentucky,13.622,KY
55348,1960,Kentucky,12.431,KY
55349,1961,Kentucky,12.866,KY
55350,1962,Kentucky,12.978,KY
55351,1963,Kentucky,12.41,KY
55352,1964,Kentucky,13.469,KY
55353,1965,Kentucky,13.473,KY
55354,1966,Kentucky,12.471,KY
55355,1967,Kentucky,12.793,KY
55356,1968,Kentucky,12.628,KY
55357,1969,Kentucky,12.581,KY
55358,1970,Kentucky,13.2,KY
55359,1971,Kentucky,13.425,KY
55360,1972,Kentucky,13.015,KY
55361,1973,Kentucky,13.895,KY
55362,1974,Kentucky,13.404,KY
55363,1975,Kentucky,13.601,KY
55364,1976,Kentucky,12.289,KY
55365,1977,Kentucky,13.066,KY
55366,1978,Kentucky,12.259,KY
55367,1979,Kentucky,12.284,KY
55368,1980,Kentucky,12.945,KY
55369,1981,Kentucky,12.836,KY
55370,1982,Kentucky,13.288,KY
55371,1983,Kentucky,13.18,KY
55372,1984,Kentucky,13.304,KY
55373,1985,Kentucky,13.132,KY
55374,1986,Kentucky,14.013,KY
55375,1987,Kentucky,14.008,KY
55376,1988,Kentucky,13.032,KY
55377,1989,Kentucky,12.742,KY
55378,1990,Kentucky,14.348,KY
55379,1991,Kentucky,14.415,KY
55380,1992,Kentucky,13.153,KY
55381,1993,Kentucky,13.086,KY
55382,1994,Kentucky,13.336,KY
55383,1995,Kentucky,13.299,KY
55384,1996,Kentucky,12.743,KY
55385,1997,Kentucky,12.877,KY
55386,1998,Kentucky,14.898,KY
55387,1999,Kentucky,14.328,KY
55388,2000,Kentucky,13.48,KY
55389,2001,Kentucky,14.019,KY
55390,2002,Kentucky,14.203,KY
55391,2003,Kentucky,13.301,KY
55392,2004,Kentucky,13.884,KY
55393,2005,Kentucky,14.096,KY
55394,2006,Kentucky,14.111,KY
55395,2007,Kentucky,14.568,KY
55396,2008,Kentucky,13.285,KY
55397,2009,Kentucky,13.326,KY
55398,2010,Kentucky,13.704,KY
55399,2011,Kentucky,14.215,KY
55400,2012,Kentucky,15.028,KY
55401,1953,Louisiana,19.745,LA
55402,1954,Louisiana,19.992,LA
55403,1955,Louisiana,19.636,LA
55404,1956,Louisiana,19.782,LA
55405,1957,Louisiana,19.766,LA
55406,1958,Louisiana,18.602,LA
55407,1959,Louisiana,19.057,LA
55408,1960,Louisiana,18.686,LA
55409,1961,Louisiana,18.705,LA
55410,1962,Louisiana,19.472,LA
55411,1963,Louisiana,19.125,LA
55412,1964,Louisiana,19.228,LA
55413,1965,Louisiana,19.659,LA
55414,1966,Louisiana,18.711,LA
55415,1967,Louisiana,19.09,LA
55416,1968,Louisiana,18.332,LA
55417,1969,Louisiana,19.019,LA
55418,1970,Louisiana,18.898,LA
55419,1971,Louisiana,19.536,LA
55420,1972,Louisiana,19.512,LA
55421,1973,Louisiana,19.375,LA
55422,1974,Louisiana,19.552,LA
55423,1975,Louisiana,19.29,LA
55424,1976,Louisiana,18.331,LA
55425,1977,Louisiana,19.309,LA
55426,1978,Louisiana,18.79,LA
55427,1979,Louisiana,18.454,LA
55428,1980,Louisiana,19.309,LA
55429,1981,Louisiana,19.328,LA
55430,1982,Louisiana,19.594,LA
55431,1983,Louisiana,18.352,LA
55432,1984,Louisiana,19.375,LA
55433,1985,Louisiana,19.392,LA
55434,1986,Louisiana,19.925,LA
55435,1987,Louisiana,19.217,LA
55436,1988,Louisiana,19.006,LA
55437,1989,Louisiana,18.87,LA
55438,1990,Louisiana,20.166,LA
55439,1991,Louisiana,19.668,LA
55440,1992,Louisiana,19.109,LA
55441,1993,Louisiana,18.959,LA
55442,1994,Louisiana,19.469,LA
55443,1995,Louisiana,19.66,LA
55444,1996,Louisiana,19.302,LA
55445,1997,Louisiana,19.221,LA
55446,1998,Louisiana,20.643,LA
55447,1999,Louisiana,20.252,LA
55448,2000,Louisiana,19.913,LA
55449,2001,Louisiana,19.625,LA
55450,2002,Louisiana,19.666,LA
55451,2003,Louisiana,19.514,LA
55452,2004,Louisiana,19.885,LA
55453,2005,Louisiana,20.077,LA
55454,2006,Louisiana,20.228,LA
55455,2007,Louisiana,20.021,LA
55456,2008,Louisiana,19.621,LA
55457,2009,Louisiana,19.735,LA
55458,2010,Louisiana,19.478,LA
55459,2011,Louisiana,20.21,LA
55460,2012,Louisiana,20.766,LA
55461,1953,Maine,6.455,ME
55462,1954,Maine,5.002,ME
55463,1955,Maine,4.95,ME
55464,1956,Maine,4.338,ME
55465,1957,Maine,5.267,ME
55466,1958,Maine,4.504,ME
55467,1959,Maine,5.047,ME
55468,1960,Maine,5.361,ME
55469,1961,Maine,5.075,ME
55470,1962,Maine,4.177,ME
55471,1963,Maine,4.454,ME
55472,1964,Maine,4.776,ME
55473,1965,Maine,4.291,ME
55474,1966,Maine,5.301,ME
55475,1967,Maine,4.378,ME
55476,1968,Maine,4.598,ME
55477,1969,Maine,5.246,ME
55478,1970,Maine,4.714,ME
55479,1971,Maine,4.713,ME
55480,1972,Maine,3.897,ME
55481,1973,Maine,5.874,ME
55482,1974,Maine,4.485,ME
55483,1975,Maine,5.147,ME
55484,1976,Maine,4.417,ME
55485,1977,Maine,4.931,ME
55486,1978,Maine,4.252,ME
55487,1979,Maine,5.613,ME
55488,1980,Maine,4.344,ME
55489,1981,Maine,5.572,ME
55490,1982,Maine,4.568,ME
55491,1983,Maine,5.746,ME
55492,1984,Maine,5.369,ME
55493,1985,Maine,4.561,ME
55494,1986,Maine,4.629,ME
55495,1987,Maine,5.166,ME
55496,1988,Maine,5.084,ME
55497,1989,Maine,4.225,ME
55498,1990,Maine,5.939,ME
55499,1991,Maine,5.567,ME
55500,1992,Maine,4.463,ME
55501,1993,Maine,4.6,ME
55502,1994,Maine,4.88,ME
55503,1995,Maine,5.187,ME
55504,1996,Maine,5.155,ME
55505,1997,Maine,4.569,ME
55506,1998,Maine,6.562,ME
55507,1999,Maine,6.748,ME
55508,2000,Maine,5.211,ME
55509,2001,Maine,6.133,ME
55510,2002,Maine,5.63,ME
55511,2003,Maine,4.913,ME
55512,2004,Maine,4.84,ME
55513,2005,Maine,5.657,ME
55514,2006,Maine,6.803,ME
55515,2007,Maine,5.081,ME
55516,2008,Maine,5.562,ME
55517,2009,Maine,5.166,ME
55518,2010,Maine,7.181,ME
55519,2011,Maine,6.226,ME
55520,2012,Maine,6.814,ME
55521,1953,Maryland,13.504,MD
55522,1954,Maryland,12.898,MD
55523,1955,Maryland,12.654,MD
55524,1956,Maryland,12.551,MD
55525,1957,Maryland,12.972,MD
55526,1958,Maryland,11.534,MD
55527,1959,Maryland,13.243,MD
55528,1960,Maryland,12.003,MD
55529,1961,Maryland,12.34,MD
55530,1962,Maryland,11.811,MD
55531,1963,Maryland,11.762,MD
55532,1964,Maryland,12.519,MD
55533,1965,Maryland,12.348,MD
55534,1966,Maryland,12.008,MD
55535,1967,Maryland,11.792,MD
55536,1968,Maryland,12.299,MD
55537,1969,Maryland,12.121,MD
55538,1970,Maryland,12.48,MD
55539,1971,Maryland,12.674,MD
55540,1972,Maryland,12.164,MD
55541,1973,Maryland,13.215,MD
55542,1974,Maryland,12.768,MD
55543,1975,Maryland,12.945,MD
55544,1976,Maryland,12.084,MD
55545,1977,Maryland,12.579,MD
55546,1978,Maryland,11.767,MD
55547,1979,Maryland,12.131,MD
55548,1980,Maryland,12.382,MD
55549,1981,Maryland,12.142,MD
55550,1982,Maryland,12.394,MD
55551,1983,Maryland,12.677,MD
55552,1984,Maryland,12.659,MD
55553,1985,Maryland,13.006,MD
55554,1986,Maryland,12.89,MD
55555,1987,Maryland,12.875,MD
55556,1988,Maryland,12.267,MD
55557,1989,Maryland,12.234,MD
55558,1990,Maryland,13.938,MD
55559,1991,Maryland,13.913,MD
55560,1992,Maryland,12.226,MD
55561,1993,Maryland,12.633,MD
55562,1994,Maryland,12.705,MD
55563,1995,Maryland,12.744,MD
55564,1996,Maryland,12.092,MD
55565,1997,Maryland,12.564,MD
55566,1998,Maryland,14.176,MD
55567,1999,Maryland,13.406,MD
55568,2000,Maryland,12.513,MD
55569,2001,Maryland,13.183,MD
55570,2002,Maryland,13.725,MD
55571,2003,Maryland,12.357,MD
55572,2004,Maryland,12.989,MD
55573,2005,Maryland,12.995,MD
55574,2006,Maryland,13.737,MD
55575,2007,Maryland,13.331,MD
55576,2008,Maryland,13.065,MD
55577,2009,Maryland,12.712,MD
55578,2010,Maryland,13.381,MD
55579,2011,Maryland,13.792,MD
55580,2012,Maryland,14.189,MD
55581,1953,Massachusetts,9.588,MA
55582,1954,Massachusetts,8.407,MA
55583,1955,Massachusetts,8.449,MA
55584,1956,Massachusetts,7.748,MA
55585,1957,Massachusetts,8.775,MA
55586,1958,Massachusetts,7.489,MA
55587,1959,Massachusetts,8.66,MA
55588,1960,Massachusetts,8.094,MA
55589,1961,Massachusetts,8.201,MA
55590,1962,Massachusetts,7.394,MA
55591,1963,Massachusetts,7.737,MA
55592,1964,Massachusetts,8.027,MA
55593,1965,Massachusetts,7.746,MA
55594,1966,Massachusetts,8.03,MA
55595,1967,Massachusetts,7.59,MA
55596,1968,Massachusetts,7.831,MA
55597,1969,Massachusetts,8.232,MA
55598,1970,Massachusetts,7.96,MA
55599,1971,Massachusetts,8.094,MA
55600,1972,Massachusetts,7.486,MA
55601,1973,Massachusetts,9.201,MA
55602,1974,Massachusetts,8.134,MA
55603,1975,Massachusetts,8.63,MA
55604,1976,Massachusetts,7.828,MA
55605,1977,Massachusetts,8.165,MA
55606,1978,Massachusetts,7.376,MA
55607,1979,Massachusetts,8.558,MA
55608,1980,Massachusetts,7.825,MA
55609,1981,Massachusetts,8.267,MA
55610,1982,Massachusetts,7.89,MA
55611,1983,Massachusetts,8.812,MA
55612,1984,Massachusetts,8.582,MA
55613,1985,Massachusetts,8.18,MA
55614,1986,Massachusetts,8.135,MA
55615,1987,Massachusetts,8.238,MA
55616,1988,Massachusetts,8.186,MA
55617,1989,Massachusetts,7.807,MA
55618,1990,Massachusetts,9.448,MA
55619,1991,Massachusetts,9.345,MA
55620,1992,Massachusetts,7.674,MA
55621,1993,Massachusetts,8.104,MA
55622,1994,Massachusetts,8.261,MA
55623,1995,Massachusetts,8.409,MA
55624,1996,Massachusetts,8.168,MA
55625,1997,Massachusetts,8.164,MA
55626,1998,Massachusetts,9.848,MA
55627,1999,Massachusetts,9.567,MA
55628,2000,Massachusetts,8.287,MA
55629,2001,Massachusetts,9.196,MA
55630,2002,Massachusetts,9.3,MA
55631,2003,Massachusetts,8.068,MA
55632,2004,Massachusetts,8.336,MA
55633,2005,Massachusetts,8.812,MA
55634,2006,Massachusetts,9.739,MA
55635,2007,Massachusetts,8.638,MA
55636,2008,Massachusetts,8.848,MA
55637,2009,Massachusetts,8.378,MA
55638,2010,Massachusetts,9.827,MA
55639,2011,Massachusetts,9.42,MA
55640,2012,Massachusetts,10.316,MA
55641,1953,Michigan,8.195,MI
55642,1954,Michigan,7.252,MI
55643,1955,Michigan,7.786,MI
55644,1956,Michigan,6.836,MI
55645,1957,Michigan,6.936,MI
55646,1958,Michigan,6.564,MI
55647,1959,Michigan,7.003,MI
55648,1960,Michigan,6.738,MI
55649,1961,Michigan,7.224,MI
55650,1962,Michigan,6.531,MI
55651,1963,Michigan,6.486,MI
55652,1964,Michigan,7.456,MI
55653,1965,Michigan,6.541,MI
55654,1966,Michigan,6.748,MI
55655,1967,Michigan,6.347,MI
55656,1968,Michigan,7.122,MI
55657,1969,Michigan,6.795,MI
55658,1970,Michigan,6.866,MI
55659,1971,Michigan,7.046,MI
55660,1972,Michigan,5.825,MI
55661,1973,Michigan,7.997,MI
55662,1974,Michigan,6.69,MI
55663,1975,Michigan,7.407,MI
55664,1976,Michigan,6.316,MI
55665,1977,Michigan,7.083,MI
55666,1978,Michigan,6.19,MI
55667,1979,Michigan,6.176,MI
55668,1980,Michigan,6.448,MI
55669,1981,Michigan,7.115,MI
55670,1982,Michigan,6.611,MI
55671,1983,Michigan,7.499,MI
55672,1984,Michigan,7.264,MI
55673,1985,Michigan,6.784,MI
55674,1986,Michigan,7.329,MI
55675,1987,Michigan,8.647,MI
55676,1988,Michigan,7.345,MI
55677,1989,Michigan,6.299,MI
55678,1990,Michigan,7.981,MI
55679,1991,Michigan,8.075,MI
55680,1992,Michigan,6.697,MI
55681,1993,Michigan,6.653,MI
55682,1994,Michigan,6.99,MI
55683,1995,Michigan,7.165,MI
55684,1996,Michigan,6.229,MI
55685,1997,Michigan,6.814,MI
55686,1998,Michigan,9.387,MI
55687,1999,Michigan,8.352,MI
55688,2000,Michigan,7.58,MI
55689,2001,Michigan,8.524,MI
55690,2002,Michigan,7.955,MI
55691,2003,Michigan,6.963,MI
55692,2004,Michigan,7.267,MI
55693,2005,Michigan,8.096,MI
55694,2006,Michigan,8.637,MI
55695,2007,Michigan,8.096,MI
55696,2008,Michigan,7.026,MI
55697,2009,Michigan,6.868,MI
55698,2010,Michigan,8.664,MI
55699,2011,Michigan,7.833,MI
55700,2012,Michigan,9.346,MI
55701,1953,Minnesota,5.936,MN
55702,1954,Minnesota,5.419,MN
55703,1955,Minnesota,4.957,MN
55704,1956,Minnesota,4.674,MN
55705,1957,Minnesota,4.941,MN
55706,1958,Minnesota,5.236,MN
55707,1959,Minnesota,4.958,MN
55708,1960,Minnesota,4.793,MN
55709,1961,Minnesota,5.463,MN
55710,1962,Minnesota,4.752,MN
55711,1963,Minnesota,5.567,MN
55712,1964,Minnesota,5.337,MN
55713,1965,Minnesota,3.952,MN
55714,1966,Minnesota,4.146,MN
55715,1967,Minnesota,4.311,MN
55716,1968,Minnesota,5.212,MN
55717,1969,Minnesota,4.632,MN
55718,1970,Minnesota,4.423,MN
55719,1971,Minnesota,4.698,MN
55720,1972,Minnesota,3.558,MN
55721,1973,Minnesota,6.093,MN
55722,1974,Minnesota,4.928,MN
55723,1975,Minnesota,4.934,MN
55724,1976,Minnesota,5.125,MN
55725,1977,Minnesota,5.476,MN
55726,1978,Minnesota,4.288,MN
55727,1979,Minnesota,3.598,MN
55728,1980,Minnesota,5.211,MN
55729,1981,Minnesota,6.233,MN
55730,1982,Minnesota,4.261,MN
55731,1983,Minnesota,5.569,MN
55732,1984,Minnesota,5.551,MN
55733,1985,Minnesota,4.13,MN
55734,1986,Minnesota,5.655,MN
55735,1987,Minnesota,7.725,MN
55736,1988,Minnesota,5.677,MN
55737,1989,Minnesota,4.346,MN
55738,1990,Minnesota,6.183,MN
55739,1991,Minnesota,5.807,MN
55740,1992,Minnesota,5.317,MN
55741,1993,Minnesota,4.243,MN
55742,1994,Minnesota,5.278,MN
55743,1995,Minnesota,4.98,MN
55744,1996,Minnesota,3.467,MN
55745,1997,Minnesota,5.102,MN
55746,1998,Minnesota,7.432,MN
55747,1999,Minnesota,6.781,MN
55748,2000,Minnesota,5.71,MN
55749,2001,Minnesota,6.377,MN
55750,2002,Minnesota,5.822,MN
55751,2003,Minnesota,5.586,MN
55752,2004,Minnesota,5.403,MN
55753,2005,Minnesota,6.387,MN
55754,2006,Minnesota,7.096,MN
55755,2007,Minnesota,5.994,MN
55756,2008,Minnesota,4.368,MN
55757,2009,Minnesota,4.767,MN
55758,2010,Minnesota,6.282,MN
55759,2011,Minnesota,5.835,MN
55760,2012,Minnesota,7.554,MN
55761,1953,Mississippi,18.328,MS
55762,1954,Mississippi,18.603,MS
55763,1955,Mississippi,18.085,MS
55764,1956,Mississippi,18.245,MS
55765,1957,Mississippi,18.205,MS
55766,1958,Mississippi,16.842,MS
55767,1959,Mississippi,17.709,MS
55768,1960,Mississippi,17.058,MS
55769,1961,Mississippi,17.207,MS
55770,1962,Mississippi,17.92,MS
55771,1963,Mississippi,17.44,MS
55772,1964,Mississippi,17.73,MS
55773,1965,Mississippi,18.111,MS
55774,1966,Mississippi,17.24,MS
55775,1967,Mississippi,17.475,MS
55776,1968,Mississippi,16.88,MS
55777,1969,Mississippi,17.306,MS
55778,1970,Mississippi,17.485,MS
55779,1971,Mississippi,17.943,MS
55780,1972,Mississippi,17.994,MS
55781,1973,Mississippi,18.066,MS
55782,1974,Mississippi,17.964,MS
55783,1975,Mississippi,17.847,MS
55784,1976,Mississippi,16.839,MS
55785,1977,Mississippi,17.866,MS
55786,1978,Mississippi,17.243,MS
55787,1979,Mississippi,16.936,MS
55788,1980,Mississippi,17.748,MS
55789,1981,Mississippi,17.755,MS
55790,1982,Mississippi,18.124,MS
55791,1983,Mississippi,16.982,MS
55792,1984,Mississippi,17.878,MS
55793,1985,Mississippi,17.773,MS
55794,1986,Mississippi,18.519,MS
55795,1987,Mississippi,17.96,MS
55796,1988,Mississippi,17.513,MS
55797,1989,Mississippi,17.371,MS
55798,1990,Mississippi,18.853,MS
55799,1991,Mississippi,18.435,MS
55800,1992,Mississippi,17.608,MS
55801,1993,Mississippi,17.515,MS
55802,1994,Mississippi,17.997,MS
55803,1995,Mississippi,18.034,MS
55804,1996,Mississippi,17.678,MS
55805,1997,Mississippi,17.663,MS
55806,1998,Mississippi,19.275,MS
55807,1999,Mississippi,18.828,MS
55808,2000,Mississippi,18.429,MS
55809,2001,Mississippi,18.162,MS
55810,2002,Mississippi,18.352,MS
55811,2003,Mississippi,17.949,MS
55812,2004,Mississippi,18.332,MS
55813,2005,Mississippi,18.477,MS
55814,2006,Mississippi,18.774,MS
55815,2007,Mississippi,18.851,MS
55816,2008,Mississippi,17.981,MS
55817,2009,Mississippi,18.132,MS
55818,2010,Mississippi,18.076,MS
55819,2011,Mississippi,18.59,MS
55820,2012,Mississippi,19.268,MS
55821,1953,Missouri,13.884,MO
55822,1954,Missouri,14.162,MO
55823,1955,Missouri,13.01,MO
55824,1956,Missouri,13.416,MO
55825,1957,Missouri,12.733,MO
55826,1958,Missouri,11.929,MO
55827,1959,Missouri,12.619,MO
55828,1960,Missouri,11.955,MO
55829,1961,Missouri,12.066,MO
55830,1962,Missouri,12.487,MO
55831,1963,Missouri,12.788,MO
55832,1964,Missouri,13.121,MO
55833,1965,Missouri,13.018,MO
55834,1966,Missouri,12.135,MO
55835,1967,Missouri,12.33,MO
55836,1968,Missouri,12.154,MO
55837,1969,Missouri,12.154,MO
55838,1970,Missouri,12.536,MO
55839,1971,Missouri,12.951,MO
55840,1972,Missouri,12.32,MO
55841,1973,Missouri,13.174,MO
55842,1974,Missouri,12.75,MO
55843,1975,Missouri,12.843,MO
55844,1976,Missouri,12.281,MO
55845,1977,Missouri,12.958,MO
55846,1978,Missouri,11.681,MO
55847,1979,Missouri,11.402,MO
55848,1980,Missouri,13.027,MO
55849,1981,Missouri,13.007,MO
55850,1982,Missouri,12.226,MO
55851,1983,Missouri,12.497,MO
55852,1984,Missouri,12.752,MO
55853,1985,Missouri,11.953,MO
55854,1986,Missouri,13.538,MO
55855,1987,Missouri,13.795,MO
55856,1988,Missouri,12.874,MO
55857,1989,Missouri,12.024,MO
55858,1990,Missouri,13.804,MO
55859,1991,Missouri,13.715,MO
55860,1992,Missouri,12.86,MO
55861,1993,Missouri,11.963,MO
55862,1994,Missouri,12.909,MO
55863,1995,Missouri,12.638,MO
55864,1996,Missouri,11.925,MO
55865,1997,Missouri,12.394,MO
55866,1998,Missouri,14.311,MO
55867,1999,Missouri,13.866,MO
55868,2000,Missouri,13.197,MO
55869,2001,Missouri,13.577,MO
55870,2002,Missouri,13.361,MO
55871,2003,Missouri,12.884,MO
55872,2004,Missouri,13.109,MO
55873,2005,Missouri,13.792,MO
55874,2006,Missouri,14.111,MO
55875,2007,Missouri,13.76,MO
55876,2008,Missouri,12.263,MO
55877,2009,Missouri,12.562,MO
55878,2010,Missouri,13.258,MO
55879,2011,Missouri,13.497,MO
55880,2012,Missouri,15.087,MO
55881,1953,Montana,6.674,MT
55882,1954,Montana,5.562,MT
55883,1955,Montana,4.006,MT
55884,1956,Montana,5.3,MT
55885,1957,Montana,5.12,MT
55886,1958,Montana,6.145,MT
55887,1959,Montana,4.852,MT
55888,1960,Montana,5.333,MT
55889,1961,Montana,6.22,MT
55890,1962,Montana,5.526,MT
55891,1963,Montana,6.193,MT
55892,1964,Montana,4.948,MT
55893,1965,Montana,4.554,MT
55894,1966,Montana,5.25,MT
55895,1967,Montana,5.507,MT
55896,1968,Montana,5.083,MT
55897,1969,Montana,4.645,MT
55898,1970,Montana,4.879,MT
55899,1971,Montana,4.898,MT
55900,1972,Montana,4.478,MT
55901,1973,Montana,5.76,MT
55902,1974,Montana,5.98,MT
55903,1975,Montana,4.315,MT
55904,1976,Montana,6.165,MT
55905,1977,Montana,5.59,MT
55906,1978,Montana,4.08,MT
55907,1979,Montana,4.786,MT
55908,1980,Montana,5.824,MT
55909,1981,Montana,6.834,MT
55910,1982,Montana,4.07,MT
55911,1983,Montana,5.642,MT
55912,1984,Montana,5.511,MT
55913,1985,Montana,4.167,MT
55914,1986,Montana,6.273,MT
55915,1987,Montana,7.129,MT
55916,1988,Montana,6.804,MT
55917,1989,Montana,4.983,MT
55918,1990,Montana,6.092,MT
55919,1991,Montana,6.179,MT
55920,1992,Montana,6.476,MT
55921,1993,Montana,4.394,MT
55922,1994,Montana,6.051,MT
55923,1995,Montana,5.522,MT
55924,1996,Montana,4.122,MT
55925,1997,Montana,5.806,MT
55926,1998,Montana,6.697,MT
55927,1999,Montana,6.799,MT
55928,2000,Montana,5.836,MT
55929,2001,Montana,6.581,MT
55930,2002,Montana,5.325,MT
55931,2003,Montana,6.418,MT
55932,2004,Montana,6.108,MT
55933,2005,Montana,6.199,MT
55934,2006,Montana,6.911,MT
55935,2007,Montana,6.727,MT
55936,2008,Montana,5.283,MT
55937,2009,Montana,5.145,MT
55938,2010,Montana,5.427,MT
55939,2011,Montana,5.4,MT
55940,2012,Montana,6.999,MT
55941,1953,Nebraska,10.383,NE
55942,1954,Nebraska,10.677,NE
55943,1955,Nebraska,9.333,NE
55944,1956,Nebraska,9.879,NE
55945,1957,Nebraska,9.182,NE
55946,1958,Nebraska,9.199,NE
55947,1959,Nebraska,9.208,NE
55948,1960,Nebraska,8.665,NE
55949,1961,Nebraska,9.063,NE
55950,1962,Nebraska,9.29,NE
55951,1963,Nebraska,10.344,NE
55952,1964,Nebraska,9.53,NE
55953,1965,Nebraska,9.071,NE
55954,1966,Nebraska,8.932,NE
55955,1967,Nebraska,9.222,NE
55956,1968,Nebraska,9.226,NE
55957,1969,Nebraska,8.874,NE
55958,1970,Nebraska,9.334,NE
55959,1971,Nebraska,9.215,NE
55960,1972,Nebraska,8.715,NE
55961,1973,Nebraska,9.566,NE
55962,1974,Nebraska,9.87,NE
55963,1975,Nebraska,9.049,NE
55964,1976,Nebraska,9.752,NE
55965,1977,Nebraska,10.161,NE
55966,1978,Nebraska,8.107,NE
55967,1979,Nebraska,8.335,NE
55968,1980,Nebraska,9.993,NE
55969,1981,Nebraska,10.53,NE
55970,1982,Nebraska,8.605,NE
55971,1983,Nebraska,9.092,NE
55972,1984,Nebraska,9.257,NE
55973,1985,Nebraska,8.408,NE
55974,1986,Nebraska,10.318,NE
55975,1987,Nebraska,10.723,NE
55976,1988,Nebraska,10.029,NE
55977,1989,Nebraska,9.153,NE
55978,1990,Nebraska,10.272,NE
55979,1991,Nebraska,10.328,NE
55980,1992,Nebraska,9.677,NE
55981,1993,Nebraska,8.08,NE
55982,1994,Nebraska,9.839,NE
55983,1995,Nebraska,9.466,NE
55984,1996,Nebraska,8.34,NE
55985,1997,Nebraska,9.499,NE
55986,1998,Nebraska,10.608,NE
55987,1999,Nebraska,10.802,NE
55988,2000,Nebraska,10.195,NE
55989,2001,Nebraska,10.42,NE
55990,2002,Nebraska,10.258,NE
55991,2003,Nebraska,10.195,NE
55992,2004,Nebraska,10.178,NE
55993,2005,Nebraska,10.653,NE
55994,2006,Nebraska,10.915,NE
55995,2007,Nebraska,10.298,NE
55996,2008,Nebraska,9.006,NE
55997,2009,Nebraska,8.942,NE
55998,2010,Nebraska,9.925,NE
55999,2011,Nebraska,9.631,NE
56000,2012,Nebraska,11.819,NE
56001,1953,Nevada,10.198,NV
56002,1954,Nevada,10.42,NV
56003,1955,Nevada,9.036,NV
56004,1956,Nevada,9.774,NV
56005,1957,Nevada,9.608,NV
56006,1958,Nevada,10.79,NV
56007,1959,Nevada,10.393,NV
56008,1960,Nevada,10.242,NV
56009,1961,Nevada,10.14,NV
56010,1962,Nevada,9.85,NV
56011,1963,Nevada,9.973,NV
56012,1964,Nevada,9.036,NV
56013,1965,Nevada,9.417,NV
56014,1966,Nevada,10.145,NV
56015,1967,Nevada,9.931,NV
56016,1968,Nevada,9.88,NV
56017,1969,Nevada,9.978,NV
56018,1970,Nevada,9.791,NV
56019,1971,Nevada,9.27,NV
56020,1972,Nevada,9.804,NV
56021,1973,Nevada,9.74,NV
56022,1974,Nevada,10.163,NV
56023,1975,Nevada,9.146,NV
56024,1976,Nevada,9.83,NV
56025,1977,Nevada,10.32,NV
56026,1978,Nevada,9.768,NV
56027,1979,Nevada,9.914,NV
56028,1980,Nevada,10.265,NV
56029,1981,Nevada,11.072,NV
56030,1982,Nevada,9.058,NV
56031,1983,Nevada,9.862,NV
56032,1984,Nevada,9.385,NV
56033,1985,Nevada,9.31,NV
56034,1986,Nevada,10.857,NV
56035,1987,Nevada,10.355,NV
56036,1988,Nevada,10.404,NV
56037,1989,Nevada,10.073,NV
56038,1990,Nevada,10.056,NV
56039,1991,Nevada,9.985,NV
56040,1992,Nevada,10.801,NV
56041,1993,Nevada,9.274,NV
56042,1994,Nevada,10.46,NV
56043,1995,Nevada,10.546,NV
56044,1996,Nevada,10.862,NV
56045,1997,Nevada,10.328,NV
56046,1998,Nevada,9.61,NV
56047,1999,Nevada,10.326,NV
56048,2000,Nevada,10.848,NV
56049,2001,Nevada,10.878,NV
56050,2002,Nevada,10.498,NV
56051,2003,Nevada,11.275,NV
56052,2004,Nevada,10.457,NV
56053,2005,Nevada,10.357,NV
56054,2006,Nevada,10.466,NV
56055,2007,Nevada,10.845,NV
56056,2008,Nevada,10.222,NV
56057,2009,Nevada,10.205,NV
56058,2010,Nevada,10.033,NV
56059,2011,Nevada,9.771,NV
56060,2012,Nevada,11.32,NV
56061,1953,New Hampshire,7.701,NH
56062,1954,New Hampshire,6.286,NH
56063,1955,New Hampshire,6.463,NH
56064,1956,New Hampshire,5.691,NH
56065,1957,New Hampshire,6.693,NH
56066,1958,New Hampshire,5.538,NH
56067,1959,New Hampshire,6.597,NH
56068,1960,New Hampshire,6.302,NH
56069,1961,New Hampshire,6.398,NH
56070,1962,New Hampshire,5.406,NH
56071,1963,New Hampshire,5.749,NH
56072,1964,New Hampshire,6.047,NH
56073,1965,New Hampshire,5.667,NH
56074,1966,New Hampshire,6.102,NH
56075,1967,New Hampshire,5.678,NH
56076,1968,New Hampshire,5.761,NH
56077,1969,New Hampshire,6.259,NH
56078,1970,New Hampshire,5.988,NH
56079,1971,New Hampshire,5.986,NH
56080,1972,New Hampshire,5.381,NH
56081,1973,New Hampshire,7.206,NH
56082,1974,New Hampshire,6.003,NH
56083,1975,New Hampshire,6.595,NH
56084,1976,New Hampshire,5.655,NH
56085,1977,New Hampshire,6.236,NH
56086,1978,New Hampshire,5.325,NH
56087,1979,New Hampshire,6.621,NH
56088,1980,New Hampshire,5.659,NH
56089,1981,New Hampshire,6.515,NH
56090,1982,New Hampshire,5.888,NH
56091,1983,New Hampshire,6.89,NH
56092,1984,New Hampshire,6.645,NH
56093,1985,New Hampshire,6.056,NH
56094,1986,New Hampshire,6.187,NH
56095,1987,New Hampshire,6.445,NH
56096,1988,New Hampshire,6.218,NH
56097,1989,New Hampshire,5.662,NH
56098,1990,New Hampshire,7.461,NH
56099,1991,New Hampshire,7.207,NH
56100,1992,New Hampshire,5.665,NH
56101,1993,New Hampshire,6.059,NH
56102,1994,New Hampshire,6.16,NH
56103,1995,New Hampshire,6.49,NH
56104,1996,New Hampshire,6.32,NH
56105,1997,New Hampshire,5.981,NH
56106,1998,New Hampshire,8.021,NH
56107,1999,New Hampshire,7.668,NH
56108,2000,New Hampshire,6.291,NH
56109,2001,New Hampshire,7.273,NH
56110,2002,New Hampshire,7.189,NH
56111,2003,New Hampshire,6.102,NH
56112,2004,New Hampshire,6.263,NH
56113,2005,New Hampshire,6.921,NH
56114,2006,New Hampshire,7.894,NH
56115,2007,New Hampshire,6.446,NH
56116,2008,New Hampshire,6.829,NH
56117,2009,New Hampshire,6.36,NH
56118,2010,New Hampshire,8.019,NH
56119,2011,New Hampshire,7.474,NH
56120,2012,New Hampshire,8.323,NH
56121,1953,New Jersey,12.16,NJ
56122,1954,New Jersey,11.419,NJ
56123,1955,New Jersey,11.35,NJ
56124,1956,New Jersey,10.91,NJ
56125,1957,New Jersey,11.579,NJ
56126,1958,New Jersey,10.192,NJ
56127,1959,New Jersey,11.821,NJ
56128,1960,New Jersey,10.8,NJ
56129,1961,New Jersey,11.039,NJ
56130,1962,New Jersey,10.355,NJ
56131,1963,New Jersey,10.398,NJ
56132,1964,New Jersey,11.034,NJ
56133,1965,New Jersey,10.726,NJ
56134,1966,New Jersey,10.745,NJ
56135,1967,New Jersey,10.324,NJ
56136,1968,New Jersey,10.881,NJ
56137,1969,New Jersey,10.789,NJ
56138,1970,New Jersey,10.883,NJ
56139,1971,New Jersey,11.145,NJ
56140,1972,New Jersey,10.597,NJ
56141,1973,New Jersey,11.962,NJ
56142,1974,New Jersey,11.213,NJ
56143,1975,New Jersey,11.592,NJ
56144,1976,New Jersey,10.665,NJ
56145,1977,New Jersey,11.126,NJ
56146,1978,New Jersey,10.278,NJ
56147,1979,New Jersey,10.992,NJ
56148,1980,New Jersey,10.952,NJ
56149,1981,New Jersey,10.917,NJ
56150,1982,New Jersey,10.875,NJ
56151,1983,New Jersey,11.525,NJ
56152,1984,New Jersey,11.306,NJ
56153,1985,New Jersey,11.467,NJ
56154,1986,New Jersey,11.32,NJ
56155,1987,New Jersey,11.36,NJ
56156,1988,New Jersey,10.886,NJ
56157,1989,New Jersey,10.801,NJ
56158,1990,New Jersey,12.44,NJ
56159,1991,New Jersey,12.418,NJ
56160,1992,New Jersey,10.693,NJ
56161,1993,New Jersey,11.178,NJ
56162,1994,New Jersey,11.156,NJ
56163,1995,New Jersey,11.325,NJ
56164,1996,New Jersey,10.806,NJ
56165,1997,New Jersey,11.138,NJ
56166,1998,New Jersey,12.785,NJ
56167,1999,New Jersey,12.17,NJ
56168,2000,New Jersey,11.077,NJ
56169,2001,New Jersey,11.94,NJ
56170,2002,New Jersey,12.356,NJ
56171,2003,New Jersey,10.894,NJ
56172,2004,New Jersey,11.475,NJ
56173,2005,New Jersey,11.642,NJ
56174,2006,New Jersey,12.52,NJ
56175,2007,New Jersey,11.736,NJ
56176,2008,New Jersey,11.762,NJ
56177,2009,New Jersey,11.256,NJ
56178,2010,New Jersey,12.267,NJ
56179,2011,New Jersey,12.397,NJ
56180,2012,New Jersey,12.957,NJ
56181,1953,New Mexico,12.239,NM
56182,1954,New Mexico,13.113,NM
56183,1955,New Mexico,11.785,NM
56184,1956,New Mexico,12.243,NM
56185,1957,New Mexico,12.091,NM
56186,1958,New Mexico,12.131,NM
56187,1959,New Mexico,12.011,NM
56188,1960,New Mexico,11.601,NM
56189,1961,New Mexico,11.542,NM
56190,1962,New Mexico,12.185,NM
56191,1963,New Mexico,12.332,NM
56192,1964,New Mexico,11.369,NM
56193,1965,New Mexico,11.854,NM
56194,1966,New Mexico,11.813,NM
56195,1967,New Mexico,12.064,NM
56196,1968,New Mexico,11.499,NM
56197,1969,New Mexico,12.167,NM
56198,1970,New Mexico,11.683,NM
56199,1971,New Mexico,11.64,NM
56200,1972,New Mexico,12.105,NM
56201,1973,New Mexico,11.293,NM
56202,1974,New Mexico,11.955,NM
56203,1975,New Mexico,11.177,NM
56204,1976,New Mexico,11.457,NM
56205,1977,New Mexico,12.468,NM
56206,1978,New Mexico,12.137,NM
56207,1979,New Mexico,11.398,NM
56208,1980,New Mexico,12.401,NM
56209,1981,New Mexico,12.805,NM
56210,1982,New Mexico,11.798,NM
56211,1983,New Mexico,11.741,NM
56212,1984,New Mexico,11.706,NM
56213,1985,New Mexico,11.959,NM
56214,1986,New Mexico,12.352,NM
56215,1987,New Mexico,11.454,NM
56216,1988,New Mexico,11.823,NM
56217,1989,New Mexico,12.528,NM
56218,1990,New Mexico,12.128,NM
56219,1991,New Mexico,11.717,NM
56220,1992,New Mexico,11.719,NM
56221,1993,New Mexico,12.004,NM
56222,1994,New Mexico,12.741,NM
56223,1995,New Mexico,12.643,NM
56224,1996,New Mexico,12.838,NM
56225,1997,New Mexico,11.874,NM
56226,1998,New Mexico,12.577,NM
56227,1999,New Mexico,12.624,NM
56228,2000,New Mexico,13.076,NM
56229,2001,New Mexico,12.742,NM
56230,2002,New Mexico,12.638,NM
56231,2003,New Mexico,13.23,NM
56232,2004,New Mexico,12.164,NM
56233,2005,New Mexico,12.798,NM
56234,2006,New Mexico,12.835,NM
56235,2007,New Mexico,12.487,NM
56236,2008,New Mexico,12.206,NM
56237,2009,New Mexico,12.503,NM
56238,2010,New Mexico,12.452,NM
56239,2011,New Mexico,12.734,NM
56240,2012,New Mexico,13.483,NM
56241,1953,New York,9.064,NY
56242,1954,New York,7.934,NY
56243,1955,New York,8.168,NY
56244,1956,New York,7.295,NY
56245,1957,New York,8.176,NY
56246,1958,New York,6.892,NY
56247,1959,New York,8.177,NY
56248,1960,New York,7.559,NY
56249,1961,New York,7.791,NY
56250,1962,New York,7.1,NY
56251,1963,New York,7.002,NY
56252,1964,New York,7.884,NY
56253,1965,New York,7.231,NY
56254,1966,New York,7.462,NY
56255,1967,New York,7.239,NY
56256,1968,New York,7.357,NY
56257,1969,New York,7.501,NY
56258,1970,New York,7.454,NY
56259,1971,New York,7.591,NY
56260,1972,New York,6.89,NY
56261,1973,New York,8.699,NY
56262,1974,New York,7.525,NY
56263,1975,New York,8.217,NY
56264,1976,New York,6.998,NY
56265,1977,New York,7.697,NY
56266,1978,New York,6.774,NY
56267,1979,New York,7.743,NY
56268,1980,New York,7.194,NY
56269,1981,New York,7.746,NY
56270,1982,New York,7.538,NY
56271,1983,New York,8.201,NY
56272,1984,New York,7.99,NY
56273,1985,New York,7.744,NY
56274,1986,New York,7.908,NY
56275,1987,New York,8.221,NY
56276,1988,New York,7.804,NY
56277,1989,New York,7.24,NY
56278,1990,New York,9.1,NY
56279,1991,New York,9.033,NY
56280,1992,New York,7.199,NY
56281,1993,New York,7.443,NY
56282,1994,New York,7.499,NY
56283,1995,New York,8,NY
56284,1996,New York,7.595,NY
56285,1997,New York,7.53,NY
56286,1998,New York,9.686,NY
56287,1999,New York,8.915,NY
56288,2000,New York,7.738,NY
56289,2001,New York,8.923,NY
56290,2002,New York,8.904,NY
56291,2003,New York,7.595,NY
56292,2004,New York,7.904,NY
56293,2005,New York,8.512,NY
56294,2006,New York,9.286,NY
56295,2007,New York,8.206,NY
56296,2008,New York,8.293,NY
56297,2009,New York,7.884,NY
56298,2010,New York,9.142,NY
56299,2011,New York,9.008,NY
56300,2012,New York,9.915,NY
56301,1953,North Carolina,15.819,NC
56302,1954,North Carolina,15.414,NC
56303,1955,North Carolina,15.132,NC
56304,1956,North Carolina,15.41,NC
56305,1957,North Carolina,15.521,NC
56306,1958,North Carolina,14.125,NC
56307,1959,North Carolina,15.436,NC
56308,1960,North Carolina,14.388,NC
56309,1961,North Carolina,14.823,NC
56310,1962,North Carolina,14.632,NC
56311,1963,North Carolina,14.157,NC
56312,1964,North Carolina,14.906,NC
56313,1965,North Carolina,14.995,NC
56314,1966,North Carolina,14.284,NC
56315,1967,North Carolina,14.413,NC
56316,1968,North Carolina,14.439,NC
56317,1969,North Carolina,14.289,NC
56318,1970,North Carolina,15.084,NC
56319,1971,North Carolina,15.19,NC
56320,1972,North Carolina,14.859,NC
56321,1973,North Carolina,15.358,NC
56322,1974,North Carolina,15.359,NC
56323,1975,North Carolina,15.517,NC
56324,1976,North Carolina,14.383,NC
56325,1977,North Carolina,14.967,NC
56326,1978,North Carolina,14.489,NC
56327,1979,North Carolina,14.586,NC
56328,1980,North Carolina,14.786,NC
56329,1981,North Carolina,14.35,NC
56330,1982,North Carolina,15.121,NC
56331,1983,North Carolina,14.725,NC
56332,1984,North Carolina,15.141,NC
56333,1985,North Carolina,15.464,NC
56334,1986,North Carolina,15.79,NC
56335,1987,North Carolina,15.09,NC
56336,1988,North Carolina,14.439,NC
56337,1989,North Carolina,14.952,NC
56338,1990,North Carolina,16.554,NC
56339,1991,North Carolina,16.095,NC
56340,1992,North Carolina,14.933,NC
56341,1993,North Carolina,15.239,NC
56342,1994,North Carolina,15.384,NC
56343,1995,North Carolina,15.119,NC
56344,1996,North Carolina,14.728,NC
56345,1997,North Carolina,14.945,NC
56346,1998,North Carolina,16.436,NC
56347,1999,North Carolina,15.81,NC
56348,2000,North Carolina,15.1,NC
56349,2001,North Carolina,15.649,NC
56350,2002,North Carolina,16.012,NC
56351,2003,North Carolina,15.272,NC
56352,2004,North Carolina,15.621,NC
56353,2005,North Carolina,15.661,NC
56354,2006,North Carolina,15.864,NC
56355,2007,North Carolina,16.218,NC
56356,2008,North Carolina,15.533,NC
56357,2009,North Carolina,15.305,NC
56358,2010,North Carolina,15.355,NC
56359,2011,North Carolina,16.119,NC
56360,2012,North Carolina,16.32,NC
56361,1953,North Dakota,5.865,ND
56362,1954,North Dakota,5.227,ND
56363,1955,North Dakota,4.065,ND
56364,1956,North Dakota,4.272,ND
56365,1957,North Dakota,4.785,ND
56366,1958,North Dakota,5.1,ND
56367,1959,North Dakota,4.442,ND
56368,1960,North Dakota,4.505,ND
56369,1961,North Dakota,5.351,ND
56370,1962,North Dakota,4.668,ND
56371,1963,North Dakota,5.793,ND
56372,1964,North Dakota,4.578,ND
56373,1965,North Dakota,3.431,ND
56374,1966,North Dakota,3.632,ND
56375,1967,North Dakota,4.29,ND
56376,1968,North Dakota,4.4,ND
56377,1969,North Dakota,4.006,ND
56378,1970,North Dakota,3.82,ND
56379,1971,North Dakota,4.198,ND
56380,1972,North Dakota,3.345,ND
56381,1973,North Dakota,5.644,ND
56382,1974,North Dakota,4.675,ND
56383,1975,North Dakota,4.372,ND
56384,1976,North Dakota,5.368,ND
56385,1977,North Dakota,5.242,ND
56386,1978,North Dakota,3.597,ND
56387,1979,North Dakota,3.158,ND
56388,1980,North Dakota,5.339,ND
56389,1981,North Dakota,6.471,ND
56390,1982,North Dakota,3.498,ND
56391,1983,North Dakota,5.281,ND
56392,1984,North Dakota,5.236,ND
56393,1985,North Dakota,3.685,ND
56394,1986,North Dakota,5.562,ND
56395,1987,North Dakota,7.443,ND
56396,1988,North Dakota,6.074,ND
56397,1989,North Dakota,4.39,ND
56398,1990,North Dakota,6.074,ND
56399,1991,North Dakota,5.996,ND
56400,1992,North Dakota,5.396,ND
56401,1993,North Dakota,3.818,ND
56402,1994,North Dakota,4.763,ND
56403,1995,North Dakota,4.533,ND
56404,1996,North Dakota,2.812,ND
56405,1997,North Dakota,5.098,ND
56406,1998,North Dakota,6.509,ND
56407,1999,North Dakota,6.419,ND
56408,2000,North Dakota,5.364,ND
56409,2001,North Dakota,5.998,ND
56410,2002,North Dakota,5.363,ND
56411,2003,North Dakota,5.285,ND
56412,2004,North Dakota,5.125,ND
56413,2005,North Dakota,6.095,ND
56414,2006,North Dakota,6.914,ND
56415,2007,North Dakota,5.77,ND
56416,2008,North Dakota,4.399,ND
56417,2009,North Dakota,3.995,ND
56418,2010,North Dakota,5.259,ND
56419,2011,North Dakota,5.161,ND
56420,2012,North Dakota,7.059,ND
56421,1953,Ohio,11.708,OH
56422,1954,Ohio,11.308,OH
56423,1955,Ohio,11.15,OH
56424,1956,Ohio,10.808,OH
56425,1957,Ohio,10.903,OH
56426,1958,Ohio,9.586,OH
56427,1959,Ohio,11.221,OH
56428,1960,Ohio,10.069,OH
56429,1961,Ohio,10.519,OH
56430,1962,Ohio,10.182,OH
56431,1963,Ohio,9.654,OH
56432,1964,Ohio,10.952,OH
56433,1965,Ohio,10.712,OH
56434,1966,Ohio,10.048,OH
56435,1967,Ohio,10.195,OH
56436,1968,Ohio,10.323,OH
56437,1969,Ohio,10.126,OH
56438,1970,Ohio,10.784,OH
56439,1971,Ohio,10.798,OH
56440,1972,Ohio,10.133,OH
56441,1973,Ohio,11.673,OH
56442,1974,Ohio,10.694,OH
56443,1975,Ohio,11.109,OH
56444,1976,Ohio,9.868,OH
56445,1977,Ohio,10.502,OH
56446,1978,Ohio,9.56,OH
56447,1979,Ohio,9.891,OH
56448,1980,Ohio,10.109,OH
56449,1981,Ohio,10.233,OH
56450,1982,Ohio,10.608,OH
56451,1983,Ohio,11.002,OH
56452,1984,Ohio,10.651,OH
56453,1985,Ohio,10.675,OH
56454,1986,Ohio,11.305,OH
56455,1987,Ohio,11.657,OH
56456,1988,Ohio,10.618,OH
56457,1989,Ohio,10.084,OH
56458,1990,Ohio,11.871,OH
56459,1991,Ohio,12.097,OH
56460,1992,Ohio,10.513,OH
56461,1993,Ohio,10.609,OH
56462,1994,Ohio,10.686,OH
56463,1995,Ohio,10.6,OH
56464,1996,Ohio,10.15,OH
56465,1997,Ohio,10.365,OH
56466,1998,Ohio,12.644,OH
56467,1999,Ohio,11.731,OH
56468,2000,Ohio,10.875,OH
56469,2001,Ohio,11.733,OH
56470,2002,Ohio,11.849,OH
56471,2003,Ohio,10.582,OH
56472,2004,Ohio,11.178,OH
56473,2005,Ohio,11.397,OH
56474,2006,Ohio,11.903,OH
56475,2007,Ohio,11.647,OH
56476,2008,Ohio,10.765,OH
56477,2009,Ohio,10.731,OH
56478,2010,Ohio,11.399,OH
56479,2011,Ohio,11.717,OH
56480,2012,Ohio,12.626,OH
56481,1953,Oklahoma,16.472,OK
56482,1954,Oklahoma,17.235,OK
56483,1955,Oklahoma,15.929,OK
56484,1956,Oklahoma,16.641,OK
56485,1957,Oklahoma,15.303,OK
56486,1958,Oklahoma,15.081,OK
56487,1959,Oklahoma,15.214,OK
56488,1960,Oklahoma,14.91,OK
56489,1961,Oklahoma,14.854,OK
56490,1962,Oklahoma,15.73,OK
56491,1963,Oklahoma,16.273,OK
56492,1964,Oklahoma,15.877,OK
56493,1965,Oklahoma,16.04,OK
56494,1966,Oklahoma,15.089,OK
56495,1967,Oklahoma,15.57,OK
56496,1968,Oklahoma,14.859,OK
56497,1969,Oklahoma,15.371,OK
56498,1970,Oklahoma,15.455,OK
56499,1971,Oklahoma,15.623,OK
56500,1972,Oklahoma,15.441,OK
56501,1973,Oklahoma,15.376,OK
56502,1974,Oklahoma,15.686,OK
56503,1975,Oklahoma,15.188,OK
56504,1976,Oklahoma,15.143,OK
56505,1977,Oklahoma,16.321,OK
56506,1978,Oklahoma,15.096,OK
56507,1979,Oklahoma,14.504,OK
56508,1980,Oklahoma,16.193,OK
56509,1981,Oklahoma,16.164,OK
56510,1982,Oklahoma,15.344,OK
56511,1983,Oklahoma,14.816,OK
56512,1984,Oklahoma,15.605,OK
56513,1985,Oklahoma,15.232,OK
56514,1986,Oklahoma,16.342,OK
56515,1987,Oklahoma,15.733,OK
56516,1988,Oklahoma,15.487,OK
56517,1989,Oklahoma,14.888,OK
56518,1990,Oklahoma,16.324,OK
56519,1991,Oklahoma,16.124,OK
56520,1992,Oklahoma,15.571,OK
56521,1993,Oklahoma,14.9,OK
56522,1994,Oklahoma,15.854,OK
56523,1995,Oklahoma,15.627,OK
56524,1996,Oklahoma,15.405,OK
56525,1997,Oklahoma,15.253,OK
56526,1998,Oklahoma,17.064,OK
56527,1999,Oklahoma,16.692,OK
56528,2000,Oklahoma,16.143,OK
56529,2001,Oklahoma,16.411,OK
56530,2002,Oklahoma,15.671,OK
56531,2003,Oklahoma,15.936,OK
56532,2004,Oklahoma,16.019,OK
56533,2005,Oklahoma,16.355,OK
56534,2006,Oklahoma,17.108,OK
56535,2007,Oklahoma,15.931,OK
56536,2008,Oklahoma,15.637,OK
56537,2009,Oklahoma,15.569,OK
56538,2010,Oklahoma,16.085,OK
56539,2011,Oklahoma,16.896,OK
56540,2012,Oklahoma,17.679,OK
56541,1953,Oregon,8.696,OR
56542,1954,Oregon,8.092,OR
56543,1955,Oregon,7.181,OR
56544,1956,Oregon,7.963,OR
56545,1957,Oregon,7.952,OR
56546,1958,Oregon,9.619,OR
56547,1959,Oregon,8.396,OR
56548,1960,Oregon,8.234,OR
56549,1961,Oregon,8.807,OR
56550,1962,Oregon,8.17,OR
56551,1963,Oregon,8.516,OR
56552,1964,Oregon,7.584,OR
56553,1965,Oregon,8.414,OR
56554,1966,Oregon,8.723,OR
56555,1967,Oregon,8.908,OR
56556,1968,Oregon,8.553,OR
56557,1969,Oregon,8.147,OR
56558,1970,Oregon,8.303,OR
56559,1971,Oregon,7.805,OR
56560,1972,Oregon,8.065,OR
56561,1973,Oregon,8.613,OR
56562,1974,Oregon,8.499,OR
56563,1975,Oregon,7.813,OR
56564,1976,Oregon,8.173,OR
56565,1977,Oregon,8.48,OR
56566,1978,Oregon,8.244,OR
56567,1979,Oregon,8.468,OR
56568,1980,Oregon,8.511,OR
56569,1981,Oregon,8.975,OR
56570,1982,Oregon,7.62,OR
56571,1983,Oregon,8.445,OR
56572,1984,Oregon,7.716,OR
56573,1985,Oregon,7.136,OR
56574,1986,Oregon,9.048,OR
56575,1987,Oregon,9.133,OR
56576,1988,Oregon,8.909,OR
56577,1989,Oregon,8.187,OR
56578,1990,Oregon,8.605,OR
56579,1991,Oregon,8.716,OR
56580,1992,Oregon,9.712,OR
56581,1993,Oregon,7.581,OR
56582,1994,Oregon,8.877,OR
56583,1995,Oregon,9.01,OR
56584,1996,Oregon,8.723,OR
56585,1997,Oregon,8.839,OR
56586,1998,Oregon,8.897,OR
56587,1999,Oregon,8.541,OR
56588,2000,Oregon,8.678,OR
56589,2001,Oregon,8.883,OR
56590,2002,Oregon,8.806,OR
56591,2003,Oregon,9.564,OR
56592,2004,Oregon,9.285,OR
56593,2005,Oregon,8.84,OR
56594,2006,Oregon,8.96,OR
56595,2007,Oregon,8.896,OR
56596,2008,Oregon,8.315,OR
56597,2009,Oregon,8.559,OR
56598,2010,Oregon,8.575,OR
56599,2011,Oregon,8.078,OR
56600,2012,Oregon,9.03,OR
56601,1953,Pennsylvania,10.634,PA
56602,1954,Pennsylvania,9.91,PA
56603,1955,Pennsylvania,9.95,PA
56604,1956,Pennsylvania,9.381,PA
56605,1957,Pennsylvania,9.9,PA
56606,1958,Pennsylvania,8.535,PA
56607,1959,Pennsylvania,10.174,PA
56608,1960,Pennsylvania,9.077,PA
56609,1961,Pennsylvania,9.478,PA
56610,1962,Pennsylvania,8.918,PA
56611,1963,Pennsylvania,8.679,PA
56612,1964,Pennsylvania,9.551,PA
56613,1965,Pennsylvania,9.276,PA
56614,1966,Pennsylvania,9.104,PA
56615,1967,Pennsylvania,9.002,PA
56616,1968,Pennsylvania,9.289,PA
56617,1969,Pennsylvania,9.235,PA
56618,1970,Pennsylvania,9.525,PA
56619,1971,Pennsylvania,9.622,PA
56620,1972,Pennsylvania,9.026,PA
56621,1973,Pennsylvania,10.462,PA
56622,1974,Pennsylvania,9.558,PA
56623,1975,Pennsylvania,9.986,PA
56624,1976,Pennsylvania,8.85,PA
56625,1977,Pennsylvania,9.454,PA
56626,1978,Pennsylvania,8.646,PA
56627,1979,Pennsylvania,9.252,PA
56628,1980,Pennsylvania,9.167,PA
56629,1981,Pennsylvania,9.295,PA
56630,1982,Pennsylvania,9.437,PA
56631,1983,Pennsylvania,9.866,PA
56632,1984,Pennsylvania,9.667,PA
56633,1985,Pennsylvania,9.762,PA
56634,1986,Pennsylvania,9.926,PA
56635,1987,Pennsylvania,10.144,PA
56636,1988,Pennsylvania,9.505,PA
56637,1989,Pennsylvania,9.117,PA
56638,1990,Pennsylvania,10.891,PA
56639,1991,Pennsylvania,10.949,PA
56640,1992,Pennsylvania,9.216,PA
56641,1993,Pennsylvania,9.516,PA
56642,1994,Pennsylvania,9.443,PA
56643,1995,Pennsylvania,9.694,PA
56644,1996,Pennsylvania,9.217,PA
56645,1997,Pennsylvania,9.402,PA
56646,1998,Pennsylvania,11.472,PA
56647,1999,Pennsylvania,10.546,PA
56648,2000,Pennsylvania,9.675,PA
56649,2001,Pennsylvania,10.524,PA
56650,2002,Pennsylvania,10.738,PA
56651,2003,Pennsylvania,9.425,PA
56652,2004,Pennsylvania,9.988,PA
56653,2005,Pennsylvania,10.218,PA
56654,2006,Pennsylvania,10.932,PA
56655,2007,Pennsylvania,10.247,PA
56656,2008,Pennsylvania,9.896,PA
56657,2009,Pennsylvania,9.651,PA
56658,2010,Pennsylvania,10.574,PA
56659,2011,Pennsylvania,10.736,PA
56660,2012,Pennsylvania,11.48,PA
56661,1953,Rhode Island,10.797,RI
56662,1954,Rhode Island,9.756,RI
56663,1955,Rhode Island,9.718,RI
56664,1956,Rhode Island,9.136,RI
56665,1957,Rhode Island,10.089,RI
56666,1958,Rhode Island,8.751,RI
56667,1959,Rhode Island,10.015,RI
56668,1960,Rhode Island,9.408,RI
56669,1961,Rhode Island,9.481,RI
56670,1962,Rhode Island,8.692,RI
56671,1963,Rhode Island,9.04,RI
56672,1964,Rhode Island,9.371,RI
56673,1965,Rhode Island,9.049,RI
56674,1966,Rhode Island,9.307,RI
56675,1967,Rhode Island,8.87,RI
56676,1968,Rhode Island,9.203,RI
56677,1969,Rhode Island,9.451,RI
56678,1970,Rhode Island,9.281,RI
56679,1971,Rhode Island,9.501,RI
56680,1972,Rhode Island,8.945,RI
56681,1973,Rhode Island,10.427,RI
56682,1974,Rhode Island,9.542,RI
56683,1975,Rhode Island,10.029,RI
56684,1976,Rhode Island,9.202,RI
56685,1977,Rhode Island,9.524,RI
56686,1978,Rhode Island,8.699,RI
56687,1979,Rhode Island,9.75,RI
56688,1980,Rhode Island,9.225,RI
56689,1981,Rhode Island,9.424,RI
56690,1982,Rhode Island,9.256,RI
56691,1983,Rhode Island,10.095,RI
56692,1984,Rhode Island,9.877,RI
56693,1985,Rhode Island,9.65,RI
56694,1986,Rhode Island,9.55,RI
56695,1987,Rhode Island,9.609,RI
56696,1988,Rhode Island,9.439,RI
56697,1989,Rhode Island,9.184,RI
56698,1990,Rhode Island,10.767,RI
56699,1991,Rhode Island,10.732,RI
56700,1992,Rhode Island,9.004,RI
56701,1993,Rhode Island,9.511,RI
56702,1994,Rhode Island,9.599,RI
56703,1995,Rhode Island,9.749,RI
56704,1996,Rhode Island,9.333,RI
56705,1997,Rhode Island,9.544,RI
56706,1998,Rhode Island,11.054,RI
56707,1999,Rhode Island,10.823,RI
56708,2000,Rhode Island,9.553,RI
56709,2001,Rhode Island,10.501,RI
56710,2002,Rhode Island,10.671,RI
56711,2003,Rhode Island,9.392,RI
56712,2004,Rhode Island,9.661,RI
56713,2005,Rhode Island,10.071,RI
56714,2006,Rhode Island,10.989,RI
56715,2007,Rhode Island,10.051,RI
56716,2008,Rhode Island,10.282,RI
56717,2009,Rhode Island,9.705,RI
56718,2010,Rhode Island,11.031,RI
56719,2011,Rhode Island,10.784,RI
56720,2012,Rhode Island,11.586,RI
56721,1953,South Carolina,17.872,SC
56722,1954,South Carolina,17.757,SC
56723,1955,South Carolina,17.365,SC
56724,1956,South Carolina,17.637,SC
56725,1957,South Carolina,17.631,SC
56726,1958,South Carolina,16.373,SC
56727,1959,South Carolina,17.491,SC
56728,1960,South Carolina,16.588,SC
56729,1961,South Carolina,17,SC
56730,1962,South Carolina,17.056,SC
56731,1963,South Carolina,16.482,SC
56732,1964,South Carolina,16.983,SC
56733,1965,South Carolina,17.219,SC
56734,1966,South Carolina,16.408,SC
56735,1967,South Carolina,16.72,SC
56736,1968,South Carolina,16.499,SC
56737,1969,South Carolina,16.414,SC
56738,1970,South Carolina,17.24,SC
56739,1971,South Carolina,17.355,SC
56740,1972,South Carolina,17.198,SC
56741,1973,South Carolina,17.46,SC
56742,1974,South Carolina,17.65,SC
56743,1975,South Carolina,17.708,SC
56744,1976,South Carolina,16.505,SC
56745,1977,South Carolina,17.229,SC
56746,1978,South Carolina,16.874,SC
56747,1979,South Carolina,16.818,SC
56748,1980,South Carolina,17.052,SC
56749,1981,South Carolina,16.705,SC
56750,1982,South Carolina,17.51,SC
56751,1983,South Carolina,16.772,SC
56752,1984,South Carolina,17.372,SC
56753,1985,South Carolina,17.68,SC
56754,1986,South Carolina,18.223,SC
56755,1987,South Carolina,17.26,SC
56756,1988,South Carolina,16.665,SC
56757,1989,South Carolina,17.244,SC
56758,1990,South Carolina,18.791,SC
56759,1991,South Carolina,18.116,SC
56760,1992,South Carolina,17.095,SC
56761,1993,South Carolina,17.439,SC
56762,1994,South Carolina,17.582,SC
56763,1995,South Carolina,17.405,SC
56764,1996,South Carolina,16.993,SC
56765,1997,South Carolina,17.226,SC
56766,1998,South Carolina,18.639,SC
56767,1999,South Carolina,17.953,SC
56768,2000,South Carolina,17.323,SC
56769,2001,South Carolina,17.895,SC
56770,2002,South Carolina,18.146,SC
56771,2003,South Carolina,17.394,SC
56772,2004,South Carolina,17.796,SC
56773,2005,South Carolina,17.73,SC
56774,2006,South Carolina,18.012,SC
56775,2007,South Carolina,18.379,SC
56776,2008,South Carolina,17.677,SC
56777,2009,South Carolina,17.516,SC
56778,2010,South Carolina,17.403,SC
56779,2011,South Carolina,18.297,SC
56780,2012,South Carolina,18.554,SC
56781,1953,South Dakota,8.309,SD
56782,1954,South Dakota,8.248,SD
56783,1955,South Dakota,7.269,SD
56784,1956,South Dakota,7.394,SD
56785,1957,South Dakota,7.252,SD
56786,1958,South Dakota,7.643,SD
56787,1959,South Dakota,7.281,SD
56788,1960,South Dakota,6.903,SD
56789,1961,South Dakota,7.665,SD
56790,1962,South Dakota,7.26,SD
56791,1963,South Dakota,8.438,SD
56792,1964,South Dakota,7.521,SD
56793,1965,South Dakota,6.685,SD
56794,1966,South Dakota,6.701,SD
56795,1967,South Dakota,7.191,SD
56796,1968,South Dakota,7.177,SD
56797,1969,South Dakota,6.871,SD
56798,1970,South Dakota,6.884,SD
56799,1971,South Dakota,6.935,SD
56800,1972,South Dakota,6.272,SD
56801,1973,South Dakota,8.119,SD
56802,1974,South Dakota,8.045,SD
56803,1975,South Dakota,7.031,SD
56804,1976,South Dakota,8.154,SD
56805,1977,South Dakota,7.876,SD
56806,1978,South Dakota,6.013,SD
56807,1979,South Dakota,6.182,SD
56808,1980,South Dakota,8.224,SD
56809,1981,South Dakota,8.911,SD
56810,1982,South Dakota,6.448,SD
56811,1983,South Dakota,7.537,SD
56812,1984,South Dakota,7.57,SD
56813,1985,South Dakota,6.392,SD
56814,1986,South Dakota,8.033,SD
56815,1987,South Dakota,9.53,SD
56816,1988,South Dakota,8.477,SD
56817,1989,South Dakota,7.16,SD
56818,1990,South Dakota,8.624,SD
56819,1991,South Dakota,8.535,SD
56820,1992,South Dakota,7.9,SD
56821,1993,South Dakota,6.115,SD
56822,1994,South Dakota,7.52,SD
56823,1995,South Dakota,7.382,SD
56824,1996,South Dakota,5.746,SD
56825,1997,South Dakota,7.478,SD
56826,1998,South Dakota,8.929,SD
56827,1999,South Dakota,9.103,SD
56828,2000,South Dakota,8.096,SD
56829,2001,South Dakota,8.42,SD
56830,2002,South Dakota,8.266,SD
56831,2003,South Dakota,8.17,SD
56832,2004,South Dakota,8.274,SD
56833,2005,South Dakota,8.82,SD
56834,2006,South Dakota,9.3,SD
56835,2007,South Dakota,8.565,SD
56836,2008,South Dakota,6.952,SD
56837,2009,South Dakota,6.767,SD
56838,2010,South Dakota,7.678,SD
56839,2011,South Dakota,7.47,SD
56840,2012,South Dakota,9.908,SD
56841,1953,Tennessee,15.094,TN
56842,1954,Tennessee,15.13,TN
56843,1955,Tennessee,14.627,TN
56844,1956,Tennessee,14.879,TN
56845,1957,Tennessee,14.871,TN
56846,1958,Tennessee,13.331,TN
56847,1959,Tennessee,14.524,TN
56848,1960,Tennessee,13.46,TN
56849,1961,Tennessee,13.931,TN
56850,1962,Tennessee,14.234,TN
56851,1963,Tennessee,13.604,TN
56852,1964,Tennessee,14.375,TN
56853,1965,Tennessee,14.555,TN
56854,1966,Tennessee,13.67,TN
56855,1967,Tennessee,13.936,TN
56856,1968,Tennessee,13.572,TN
56857,1969,Tennessee,13.657,TN
56858,1970,Tennessee,14.177,TN
56859,1971,Tennessee,14.476,TN
56860,1972,Tennessee,14.209,TN
56861,1973,Tennessee,14.795,TN
56862,1974,Tennessee,14.5,TN
56863,1975,Tennessee,14.56,TN
56864,1976,Tennessee,13.317,TN
56865,1977,Tennessee,14.259,TN
56866,1978,Tennessee,13.62,TN
56867,1979,Tennessee,13.466,TN
56868,1980,Tennessee,14.248,TN
56869,1981,Tennessee,13.969,TN
56870,1982,Tennessee,14.456,TN
56871,1983,Tennessee,13.962,TN
56872,1984,Tennessee,14.423,TN
56873,1985,Tennessee,14.296,TN
56874,1986,Tennessee,15.18,TN
56875,1987,Tennessee,14.912,TN
56876,1988,Tennessee,14.037,TN
56877,1989,Tennessee,13.91,TN
56878,1990,Tennessee,15.483,TN
56879,1991,Tennessee,15.294,TN
56880,1992,Tennessee,14.14,TN
56881,1993,Tennessee,14.202,TN
56882,1994,Tennessee,14.479,TN
56883,1995,Tennessee,14.412,TN
56884,1996,Tennessee,13.917,TN
56885,1997,Tennessee,14.065,TN
56886,1998,Tennessee,15.936,TN
56887,1999,Tennessee,15.421,TN
56888,2000,Tennessee,14.701,TN
56889,2001,Tennessee,14.885,TN
56890,2002,Tennessee,15.106,TN
56891,2003,Tennessee,14.431,TN
56892,2004,Tennessee,14.941,TN
56893,2005,Tennessee,15.077,TN
56894,2006,Tennessee,15.169,TN
56895,2007,Tennessee,15.723,TN
56896,2008,Tennessee,14.452,TN
56897,2009,Tennessee,14.437,TN
56898,2010,Tennessee,14.685,TN
56899,2011,Tennessee,15.237,TN
56900,2012,Tennessee,16.014,TN
56901,1953,Texas,18.957,TX
56902,1954,Texas,19.447,TX
56903,1955,Texas,18.646,TX
56904,1956,Texas,19.048,TX
56905,1957,Texas,18.337,TX
56906,1958,Texas,17.696,TX
56907,1959,Texas,17.839,TX
56908,1960,Texas,17.799,TX
56909,1961,Texas,17.71,TX
56910,1962,Texas,18.634,TX
56911,1963,Texas,18.658,TX
56912,1964,Texas,18.353,TX
56913,1965,Texas,18.561,TX
56914,1966,Texas,17.703,TX
56915,1967,Texas,18.444,TX
56916,1968,Texas,17.486,TX
56917,1969,Texas,18.274,TX
56918,1970,Texas,17.838,TX
56919,1971,Texas,18.494,TX
56920,1972,Texas,18.242,TX
56921,1973,Texas,17.821,TX
56922,1974,Texas,18.279,TX
56923,1975,Texas,17.876,TX
56924,1976,Texas,17.35,TX
56925,1977,Texas,18.692,TX
56926,1978,Texas,17.879,TX
56927,1979,Texas,17.4,TX
56928,1980,Texas,18.554,TX
56929,1981,Texas,18.543,TX
56930,1982,Texas,18.336,TX
56931,1983,Texas,17.625,TX
56932,1984,Texas,18.378,TX
56933,1985,Texas,18.175,TX
56934,1986,Texas,18.788,TX
56935,1987,Texas,17.855,TX
56936,1988,Texas,18.149,TX
56937,1989,Texas,18.102,TX
56938,1990,Texas,18.834,TX
56939,1991,Texas,18.383,TX
56940,1992,Texas,18.151,TX
56941,1993,Texas,17.977,TX
56942,1994,Texas,18.797,TX
56943,1995,Texas,18.61,TX
56944,1996,Texas,18.697,TX
56945,1997,Texas,17.901,TX
56946,1998,Texas,19.608,TX
56947,1999,Texas,19.383,TX
56948,2000,Texas,19.238,TX
56949,2001,Texas,18.83,TX
56950,2002,Texas,18.504,TX
56951,2003,Texas,18.756,TX
56952,2004,Texas,18.58,TX
56953,2005,Texas,18.955,TX
56954,2006,Texas,19.59,TX
56955,2007,Texas,18.338,TX
56956,2008,Texas,18.712,TX
56957,2009,Texas,18.833,TX
56958,2010,Texas,18.499,TX
56959,2011,Texas,19.718,TX
56960,2012,Texas,19.926,TX
56961,1953,Utah,9.001,UT
56962,1954,Utah,9.536,UT
56963,1955,Utah,7.75,UT
56964,1956,Utah,8.748,UT
56965,1957,Utah,8.385,UT
56966,1958,Utah,9.481,UT
56967,1959,Utah,9.066,UT
56968,1960,Utah,8.829,UT
56969,1961,Utah,8.626,UT
56970,1962,Utah,8.718,UT
56971,1963,Utah,8.985,UT
56972,1964,Utah,7.645,UT
56973,1965,Utah,8.21,UT
56974,1966,Utah,8.778,UT
56975,1967,Utah,8.49,UT
56976,1968,Utah,7.96,UT
56977,1969,Utah,8.747,UT
56978,1970,Utah,8.443,UT
56979,1971,Utah,7.979,UT
56980,1972,Utah,8.757,UT
56981,1973,Utah,7.81,UT
56982,1974,Utah,8.643,UT
56983,1975,Utah,7.508,UT
56984,1976,Utah,8.5,UT
56985,1977,Utah,9.27,UT
56986,1978,Utah,8.674,UT
56987,1979,Utah,8.094,UT
56988,1980,Utah,9.027,UT
56989,1981,Utah,9.854,UT
56990,1982,Utah,7.842,UT
56991,1983,Utah,8.596,UT
56992,1984,Utah,7.662,UT
56993,1985,Utah,8.152,UT
56994,1986,Utah,9.394,UT
56995,1987,Utah,8.83,UT
56996,1988,Utah,8.854,UT
56997,1989,Utah,8.902,UT
56998,1990,Utah,8.949,UT
56999,1991,Utah,8.332,UT
57000,1992,Utah,9.143,UT
57001,1993,Utah,7.944,UT
57002,1994,Utah,9.476,UT
57003,1995,Utah,9.205,UT
57004,1996,Utah,9.45,UT
57005,1997,Utah,8.702,UT
57006,1998,Utah,8.716,UT
57007,1999,Utah,9.226,UT
57008,2000,Utah,9.761,UT
57009,2001,Utah,9.656,UT
57010,2002,Utah,9.074,UT
57011,2003,Utah,10.03,UT
57012,2004,Utah,8.989,UT
57013,2005,Utah,9.327,UT
57014,2006,Utah,9.241,UT
57015,2007,Utah,9.664,UT
57016,2008,Utah,8.631,UT
57017,2009,Utah,8.83,UT
57018,2010,Utah,8.804,UT
57019,2011,Utah,8.437,UT
57020,2012,Utah,10.249,UT
57021,1953,Vermont,7.504,VT
57022,1954,Vermont,6.036,VT
57023,1955,Vermont,6.258,VT
57024,1956,Vermont,5.497,VT
57025,1957,Vermont,6.48,VT
57026,1958,Vermont,5.289,VT
57027,1959,Vermont,6.35,VT
57028,1960,Vermont,6.083,VT
57029,1961,Vermont,6.198,VT
57030,1962,Vermont,5.261,VT
57031,1963,Vermont,5.479,VT
57032,1964,Vermont,5.981,VT
57033,1965,Vermont,5.46,VT
57034,1966,Vermont,5.886,VT
57035,1967,Vermont,5.524,VT
57036,1968,Vermont,5.527,VT
57037,1969,Vermont,5.98,VT
57038,1970,Vermont,5.717,VT
57039,1971,Vermont,5.727,VT
57040,1972,Vermont,5.087,VT
57041,1973,Vermont,6.946,VT
57042,1974,Vermont,5.739,VT
57043,1975,Vermont,6.4,VT
57044,1976,Vermont,5.329,VT
57045,1977,Vermont,6.06,VT
57046,1978,Vermont,5.079,VT
57047,1979,Vermont,6.324,VT
57048,1980,Vermont,5.389,VT
57049,1981,Vermont,6.282,VT
57050,1982,Vermont,5.74,VT
57051,1983,Vermont,6.616,VT
57052,1984,Vermont,6.442,VT
57053,1985,Vermont,5.83,VT
57054,1986,Vermont,6.018,VT
57055,1987,Vermont,6.291,VT
57056,1988,Vermont,6.048,VT
57057,1989,Vermont,5.444,VT
57058,1990,Vermont,7.283,VT
57059,1991,Vermont,7.042,VT
57060,1992,Vermont,5.438,VT
57061,1993,Vermont,5.767,VT
57062,1994,Vermont,5.865,VT
57063,1995,Vermont,6.327,VT
57064,1996,Vermont,6.103,VT
57065,1997,Vermont,5.712,VT
57066,1998,Vermont,7.861,VT
57067,1999,Vermont,7.423,VT
57068,2000,Vermont,6.032,VT
57069,2001,Vermont,7.118,VT
57070,2002,Vermont,7.013,VT
57071,2003,Vermont,5.902,VT
57072,2004,Vermont,6.022,VT
57073,2005,Vermont,6.793,VT
57074,2006,Vermont,7.683,VT
57075,2007,Vermont,6.234,VT
57076,2008,Vermont,6.623,VT
57077,2009,Vermont,6.194,VT
57078,2010,Vermont,7.778,VT
57079,2011,Vermont,7.327,VT
57080,2012,Vermont,8.153,VT
57081,1953,Virginia,14.069,VA
57082,1954,Virginia,13.508,VA
57083,1955,Virginia,13.235,VA
57084,1956,Virginia,13.402,VA
57085,1957,Virginia,13.607,VA
57086,1958,Virginia,12.136,VA
57087,1959,Virginia,13.715,VA
57088,1960,Virginia,12.498,VA
57089,1961,Virginia,12.888,VA
57090,1962,Virginia,12.523,VA
57091,1963,Virginia,12.32,VA
57092,1964,Virginia,13.093,VA
57093,1965,Virginia,13.129,VA
57094,1966,Virginia,12.403,VA
57095,1967,Virginia,12.441,VA
57096,1968,Virginia,12.641,VA
57097,1969,Virginia,12.454,VA
57098,1970,Virginia,13.166,VA
57099,1971,Virginia,13.246,VA
57100,1972,Virginia,12.827,VA
57101,1973,Virginia,13.613,VA
57102,1974,Virginia,13.402,VA
57103,1975,Virginia,13.488,VA
57104,1976,Virginia,12.533,VA
57105,1977,Virginia,13.053,VA
57106,1978,Virginia,12.428,VA
57107,1979,Virginia,12.566,VA
57108,1980,Virginia,12.895,VA
57109,1981,Virginia,12.492,VA
57110,1982,Virginia,13.08,VA
57111,1983,Virginia,12.958,VA
57112,1984,Virginia,13.268,VA
57113,1985,Virginia,13.52,VA
57114,1986,Virginia,13.634,VA
57115,1987,Virginia,13.372,VA
57116,1988,Virginia,12.653,VA
57117,1989,Virginia,12.876,VA
57118,1990,Virginia,14.574,VA
57119,1991,Virginia,14.351,VA
57120,1992,Virginia,12.969,VA
57121,1993,Virginia,13.287,VA
57122,1994,Virginia,13.369,VA
57123,1995,Virginia,13.208,VA
57124,1996,Virginia,12.703,VA
57125,1997,Virginia,13.006,VA
57126,1998,Virginia,14.636,VA
57127,1999,Virginia,13.973,VA
57128,2000,Virginia,13.204,VA
57129,2001,Virginia,13.741,VA
57130,2002,Virginia,14.166,VA
57131,2003,Virginia,13.209,VA
57132,2004,Virginia,13.698,VA
57133,2005,Virginia,13.688,VA
57134,2006,Virginia,14.076,VA
57135,2007,Virginia,14.174,VA
57136,2008,Virginia,13.578,VA
57137,2009,Virginia,13.269,VA
57138,2010,Virginia,13.659,VA
57139,2011,Virginia,14.292,VA
57140,2012,Virginia,14.564,VA
57141,1953,Washington,8.499,WA
57142,1954,Washington,7.291,WA
57143,1955,Washington,6.321,WA
57144,1956,Washington,7.377,WA
57145,1957,Washington,7.496,WA
57146,1958,Washington,9.38,WA
57147,1959,Washington,7.514,WA
57148,1960,Washington,7.592,WA
57149,1961,Washington,8.311,WA
57150,1962,Washington,7.805,WA
57151,1963,Washington,8.104,WA
57152,1964,Washington,7.05,WA
57153,1965,Washington,8.068,WA
57154,1966,Washington,8.192,WA
57155,1967,Washington,8.706,WA
57156,1968,Washington,7.894,WA
57157,1969,Washington,7.471,WA
57158,1970,Washington,7.7,WA
57159,1971,Washington,7.369,WA
57160,1972,Washington,7.305,WA
57161,1973,Washington,7.971,WA
57162,1974,Washington,8.106,WA
57163,1975,Washington,7.282,WA
57164,1976,Washington,7.651,WA
57165,1977,Washington,7.823,WA
57166,1978,Washington,7.665,WA
57167,1979,Washington,7.917,WA
57168,1980,Washington,7.782,WA
57169,1981,Washington,8.412,WA
57170,1982,Washington,7.411,WA
57171,1983,Washington,8.093,WA
57172,1984,Washington,7.357,WA
57173,1985,Washington,6.575,WA
57174,1986,Washington,8.401,WA
57175,1987,Washington,8.888,WA
57176,1988,Washington,8.403,WA
57177,1989,Washington,7.972,WA
57178,1990,Washington,8.371,WA
57179,1991,Washington,8.302,WA
57180,1992,Washington,9.153,WA
57181,1993,Washington,7.424,WA
57182,1994,Washington,8.725,WA
57183,1995,Washington,8.561,WA
57184,1996,Washington,7.508,WA
57185,1997,Washington,8.369,WA
57186,1998,Washington,9.123,WA
57187,1999,Washington,8.243,WA
57188,2000,Washington,7.86,WA
57189,2001,Washington,8.284,WA
57190,2002,Washington,8.289,WA
57191,2003,Washington,9.032,WA
57192,2004,Washington,9.112,WA
57193,2005,Washington,8.532,WA
57194,2006,Washington,8.675,WA
57195,2007,Washington,8.302,WA
57196,2008,Washington,7.686,WA
57197,2009,Washington,8.048,WA
57198,2010,Washington,8.442,WA
57199,2011,Washington,7.619,WA
57200,2012,Washington,8.478,WA
57201,1953,West Virginia,12.24,WV
57202,1954,West Virginia,11.682,WV
57203,1955,West Virginia,11.511,WV
57204,1956,West Virginia,11.456,WV
57205,1957,West Virginia,11.777,WV
57206,1958,West Virginia,10.139,WV
57207,1959,West Virginia,11.854,WV
57208,1960,West Virginia,10.556,WV
57209,1961,West Virginia,11.067,WV
57210,1962,West Virginia,10.777,WV
57211,1963,West Virginia,10.211,WV
57212,1964,West Virginia,11.314,WV
57213,1965,West Virginia,11.386,WV
57214,1966,West Virginia,10.569,WV
57215,1967,West Virginia,10.783,WV
57216,1968,West Virginia,10.737,WV
57217,1969,West Virginia,10.645,WV
57218,1970,West Virginia,11.438,WV
57219,1971,West Virginia,11.358,WV
57220,1972,West Virginia,10.949,WV
57221,1973,West Virginia,11.977,WV
57222,1974,West Virginia,11.485,WV
57223,1975,West Virginia,11.725,WV
57224,1976,West Virginia,10.462,WV
57225,1977,West Virginia,11.082,WV
57226,1978,West Virginia,10.452,WV
57227,1979,West Virginia,10.628,WV
57228,1980,West Virginia,10.808,WV
57229,1981,West Virginia,10.604,WV
57230,1982,West Virginia,11.407,WV
57231,1983,West Virginia,11.238,WV
57232,1984,West Virginia,11.467,WV
57233,1985,West Virginia,11.496,WV
57234,1986,West Virginia,11.836,WV
57235,1987,West Virginia,11.833,WV
57236,1988,West Virginia,11.044,WV
57237,1989,West Virginia,10.881,WV
57238,1990,West Virginia,12.588,WV
57239,1991,West Virginia,12.59,WV
57240,1992,West Virginia,11.132,WV
57241,1993,West Virginia,11.408,WV
57242,1994,West Virginia,11.38,WV
57243,1995,West Virginia,11.287,WV
57244,1996,West Virginia,10.841,WV
57245,1997,West Virginia,11.047,WV
57246,1998,West Virginia,12.893,WV
57247,1999,West Virginia,12.189,WV
57248,2000,West Virginia,11.466,WV
57249,2001,West Virginia,12.024,WV
57250,2002,West Virginia,12.366,WV
57251,2003,West Virginia,11.359,WV
57252,2004,West Virginia,11.934,WV
57253,2005,West Virginia,11.98,WV
57254,2006,West Virginia,12.23,WV
57255,2007,West Virginia,12.28,WV
57256,2008,West Virginia,11.478,WV
57257,2009,West Virginia,11.411,WV
57258,2010,West Virginia,11.723,WV
57259,2011,West Virginia,12.429,WV
57260,2012,West Virginia,12.877,WV
57261,1953,Wisconsin,7.402,WI
57262,1954,Wisconsin,6.901,WI
57263,1955,Wisconsin,6.769,WI
57264,1956,Wisconsin,6.321,WI
57265,1957,Wisconsin,6.336,WI
57266,1958,Wisconsin,6.217,WI
57267,1959,Wisconsin,6.186,WI
57268,1960,Wisconsin,6.231,WI
57269,1961,Wisconsin,6.679,WI
57270,1962,Wisconsin,5.981,WI
57271,1963,Wisconsin,6.221,WI
57272,1964,Wisconsin,6.988,WI
57273,1965,Wisconsin,5.805,WI
57274,1966,Wisconsin,5.953,WI
57275,1967,Wisconsin,5.648,WI
57276,1968,Wisconsin,6.788,WI
57277,1969,Wisconsin,6.048,WI
57278,1970,Wisconsin,6.248,WI
57279,1971,Wisconsin,6.257,WI
57280,1972,Wisconsin,5.099,WI
57281,1973,Wisconsin,7.461,WI
57282,1974,Wisconsin,6.285,WI
57283,1975,Wisconsin,6.576,WI
57284,1976,Wisconsin,5.868,WI
57285,1977,Wisconsin,6.697,WI
57286,1978,Wisconsin,5.604,WI
57287,1979,Wisconsin,5.318,WI
57288,1980,Wisconsin,6.297,WI
57289,1981,Wisconsin,7.023,WI
57290,1982,Wisconsin,5.886,WI
57291,1983,Wisconsin,6.924,WI
57292,1984,Wisconsin,6.829,WI
57293,1985,Wisconsin,5.857,WI
57294,1986,Wisconsin,6.869,WI
57295,1987,Wisconsin,8.51,WI
57296,1988,Wisconsin,6.892,WI
57297,1989,Wisconsin,5.675,WI
57298,1990,Wisconsin,7.524,WI
57299,1991,Wisconsin,7.091,WI
57300,1992,Wisconsin,6.462,WI
57301,1993,Wisconsin,5.914,WI
57302,1994,Wisconsin,6.6,WI
57303,1995,Wisconsin,6.5,WI
57304,1996,Wisconsin,5.24,WI
57305,1997,Wisconsin,6.384,WI
57306,1998,Wisconsin,8.905,WI
57307,1999,Wisconsin,7.84,WI
57308,2000,Wisconsin,7.024,WI
57309,2001,Wisconsin,7.818,WI
57310,2002,Wisconsin,7.422,WI
57311,2003,Wisconsin,6.64,WI
57312,2004,Wisconsin,6.819,WI
57313,2005,Wisconsin,7.662,WI
57314,2006,Wisconsin,8.152,WI
57315,2007,Wisconsin,7.49,WI
57316,2008,Wisconsin,5.904,WI
57317,2009,Wisconsin,6.205,WI
57318,2010,Wisconsin,7.869,WI
57319,2011,Wisconsin,7.191,WI
57320,2012,Wisconsin,8.959,WI
57321,1953,Wyoming,6.222,WY
57322,1954,Wyoming,6.45,WY
57323,1955,Wyoming,4.63,WY
57324,1956,Wyoming,5.402,WY
57325,1957,Wyoming,4.997,WY
57326,1958,Wyoming,5.906,WY
57327,1959,Wyoming,5.177,WY
57328,1960,Wyoming,5.36,WY
57329,1961,Wyoming,5.393,WY
57330,1962,Wyoming,5.445,WY
57331,1963,Wyoming,6.168,WY
57332,1964,Wyoming,4.608,WY
57333,1965,Wyoming,4.986,WY
57334,1966,Wyoming,5.501,WY
57335,1967,Wyoming,5.304,WY
57336,1968,Wyoming,4.756,WY
57337,1969,Wyoming,5.482,WY
57338,1970,Wyoming,5.083,WY
57339,1971,Wyoming,4.846,WY
57340,1972,Wyoming,4.95,WY
57341,1973,Wyoming,4.77,WY
57342,1974,Wyoming,5.522,WY
57343,1975,Wyoming,4.513,WY
57344,1976,Wyoming,5.544,WY
57345,1977,Wyoming,5.943,WY
57346,1978,Wyoming,4.47,WY
57347,1979,Wyoming,4.774,WY
57348,1980,Wyoming,5.816,WY
57349,1981,Wyoming,6.782,WY
57350,1982,Wyoming,4.565,WY
57351,1983,Wyoming,5.237,WY
57352,1984,Wyoming,4.624,WY
57353,1985,Wyoming,4.265,WY
57354,1986,Wyoming,6.026,WY
57355,1987,Wyoming,6.102,WY
57356,1988,Wyoming,6.206,WY
57357,1989,Wyoming,5.3,WY
57358,1990,Wyoming,5.676,WY
57359,1991,Wyoming,5.595,WY
57360,1992,Wyoming,6.027,WY
57361,1993,Wyoming,4.1,WY
57362,1994,Wyoming,6.242,WY
57363,1995,Wyoming,5.537,WY
57364,1996,Wyoming,5.18,WY
57365,1997,Wyoming,5.322,WY
57366,1998,Wyoming,6.045,WY
57367,1999,Wyoming,6.413,WY
57368,2000,Wyoming,6.088,WY
57369,2001,Wyoming,6.432,WY
57370,2002,Wyoming,5.415,WY
57371,2003,Wyoming,6.361,WY
57372,2004,Wyoming,6,WY
57373,2005,Wyoming,6.227,WY
57374,2006,Wyoming,6.428,WY
57375,2007,Wyoming,6.511,WY
57376,2008,Wyoming,5.067,WY
57377,2009,Wyoming,5.2,WY
57378,2010,Wyoming,5.756,WY
57379,2011,Wyoming,5.312,WY
57380,2012,Wyoming,7.306,WY
